{
  "config": {
    "M": 10.0,
    "alpha": 0.1,
    "arrival_rate": 0.8,
    "beta": 0.1,
    "num_processes": 16,
    "scheduler": "rr",
    "seed": 456,
    "service_rate": 1.0,
    "ticks": 1000000,
    "workload": "poisson"
  },
  "fairness": {
    "jain_index": 0.9999999999849999,
    "max_starvation": 19.0,
    "starvation_events": 0
  },
  "latency": {
    "avg_turnaround": 460874.29361529363,
    "avg_waiting_time": 460873.29361529363,
    "max_waiting_time": 922377.0,
    "p50_waiting_time": 460800.0,
    "p95_waiting_time": 875600.0,
    "p99_waiting_time": 912500.0
  },
  "online": {
    "completed_jobs": 999999,
    "lyapunov_drift": 11790272.0,
    "lyapunov_v": 8694734135328.0,
    "throughput": 1.0,
    "utilization": 0.999999
  },
  "queue": {
    "max": 738069.0,
    "mean": 368652.383265,
    "median": 9999.0,
    "min": 0.0,
    "std_dev": 212843.11801911524,
    "variance": 45302192888.099014
  },
  "scheduler_diag": {
    "avg_entropy": 2.7211801935497983,
    "avg_score_variance": 0.0625,
    "context_switch_rate": 0.999998999999,
    "total_throughput": 0.999999
  },
  "stability": {
    "oscillation_frequency": 0.0,
    "time_to_steady_state": -1.0
  }
}