{
  "config": {
    "M": 10.0,
    "alpha": 0.1,
    "arrival_rate": 0.8,
    "beta": 0.1,
    "num_processes": 16,
    "scheduler": "fcfs",
    "seed": 42,
    "service_rate": 1.0,
    "ticks": 1000000,
    "workload": "poisson"
  },
  "fairness": {
    "jain_index": 0.09218579174684997,
    "max_starvation": 1000000.0,
    "starvation_events": 272
  },
  "latency": {
    "avg_turnaround": 75313.89416589416,
    "avg_waiting_time": 75312.89416589416,
    "max_waiting_time": 747460.0,
    "p50_waiting_time": 0.0,
    "p95_waiting_time": 561700.0,
    "p99_waiting_time": 711000.0
  },
  "online": {
    "completed_jobs": 999999,
    "lyapunov_drift": 12391836.0,
    "lyapunov_v": 9312696386769.0,
    "throughput": 1.0,
    "utilization": 0.999999
  },
  "queue": {
    "max": 800584.0,
    "mean": 368648.1971375,
    "median": 9999.0,
    "min": 0.0,
    "std_dev": 241172.5190527657,
    "variance": 58164183946.25664
  },
  "scheduler_diag": {
    "avg_entropy": 2.5431984475477654,
    "avg_score_variance": null,
    "context_switch_rate": 0.22194522194522195,
    "total_throughput": 0.999999
  },
  "stability": {
    "oscillation_frequency": 0.0,
    "time_to_steady_state": -1.0
  }
}