{
  "config": {
    "M": 10.0,
    "alpha": 0.1,
    "arrival_rate": 0.8,
    "beta": 0.1,
    "num_processes": 16,
    "scheduler": "embi",
    "seed": 456,
    "service_rate": 1.0,
    "ticks": 1000000,
    "workload": "poisson"
  },
  "fairness": {
    "jain_index": 0.999956710668465,
    "max_starvation": 2470.0,
    "starvation_events": 33426
  },
  "latency": {
    "avg_turnaround": 460872.9646469646,
    "avg_waiting_time": 460871.9646469646,
    "max_waiting_time": 922558.0,
    "p50_waiting_time": 460700.0,
    "p95_waiting_time": 875500.0,
    "p99_waiting_time": 912400.0
  },
  "online": {
    "completed_jobs": 999999,
    "lyapunov_drift": 11794778.0,
    "lyapunov_v": 8694731435054.0,
    "throughput": 1.0,
    "utilization": 0.999999
  },
  "queue": {
    "max": 737168.0,
    "mean": 368652.383265,
    "median": 9999.0,
    "min": 0.0,
    "std_dev": 212842.5029723549,
    "variance": 45301931071.53691
  },
  "scheduler_diag": {
    "avg_entropy": 0.7974694026051481,
    "avg_score_variance": 153.73652539823084,
    "context_switch_rate": 0.6404686404686405,
    "total_throughput": 0.999999
  },
  "stability": {
    "oscillation_frequency": 0.002,
    "time_to_steady_state": -1.0
  }
}