{
  "config": {
    "M": 10.0,
    "alpha": 0.1,
    "arrival_rate": 0.9,
    "beta": 0.1,
    "num_processes": 16,
    "scheduler": "fcfs",
    "seed": 456,
    "service_rate": 1.0,
    "ticks": 1000000,
    "workload": "uniform"
  },
  "fairness": {
    "jain_index": 0.09188016926026607,
    "max_starvation": 1000000.0,
    "starvation_events": 14
  },
  "latency": {
    "avg_turnaround": 75049.15180715181,
    "avg_waiting_time": 75048.15180715181,
    "max_waiting_time": 750319.0,
    "p50_waiting_time": 0.0,
    "p95_waiting_time": 564200.0,
    "p99_waiting_time": 713300.0
  },
  "online": {
    "completed_jobs": 999999,
    "lyapunov_drift": 17197454.0,
    "lyapunov_v": 9316532323172.0,
    "throughput": 1.0,
    "utilization": 0.999999
  },
  "queue": {
    "max": 800476.0,
    "mean": 368705.91806125,
    "median": 9999.0,
    "min": 0.0,
    "std_dev": 241186.9545702424,
    "variance": 58171147054.86818
  },
  "scheduler_diag": {
    "avg_entropy": 2.637409026380056,
    "avg_score_variance": null,
    "context_switch_rate": 0.3996103996103996,
    "total_throughput": 0.999999
  },
  "stability": {
    "oscillation_frequency": 0.0,
    "time_to_steady_state": -1.0
  }
}