{
  "config": {
    "M": 10.0,
    "alpha": 0.1,
    "arrival_rate": 0.7,
    "beta": 0.1,
    "num_processes": 16,
    "scheduler": "cmu",
    "seed": 42,
    "service_rate": 1.0,
    "ticks": 1000000,
    "workload": "bursty"
  },
  "fairness": {
    "jain_index": 0.37518286240646964,
    "max_starvation": 1000000.0,
    "starvation_events": 3223
  },
  "latency": {
    "avg_turnaround": 3498.4394124394125,
    "avg_waiting_time": 3497.4394124394125,
    "max_waiting_time": 39324.0,
    "p50_waiting_time": 0.0,
    "p95_waiting_time": 32100.0,
    "p99_waiting_time": 37300.0
  },
  "online": {
    "completed_jobs": 999999,
    "lyapunov_drift": 1008154.0,
    "lyapunov_v": 281797065496.0,
    "throughput": 1.0,
    "utilization": 0.999999
  },
  "queue": {
    "max": 169278.0,
    "mean": 52611.395810625,
    "median": 9999.0,
    "min": 0.0,
    "std_dev": 55639.442369459386,
    "variance": 3095747547.1843925
  },
  "scheduler_diag": {
    "avg_entropy": 2.772588722264898,
    "avg_score_variance": 0.0,
    "context_switch_rate": 0.36455736455736454,
    "total_throughput": 0.999999
  },
  "stability": {
    "oscillation_frequency": 26.428,
    "time_to_steady_state": -1.0
  }
}