{
  "config": {
    "M": 10.0,
    "alpha": 0.1,
    "arrival_rate": 0.1,
    "beta": 0.1,
    "num_processes": 16,
    "scheduler": "maxweight",
    "seed": 999,
    "service_rate": 1.0,
    "ticks": 1000000,
    "workload": "poisson"
  },
  "fairness": {
    "jain_index": 0.999987940645192,
    "max_starvation": 338.0,
    "starvation_events": 7652
  },
  "latency": {
    "avg_turnaround": 188363.84532469066,
    "avg_waiting_time": 188362.84532469066,
    "max_waiting_time": 379113.0,
    "p50_waiting_time": 188400.0,
    "p95_waiting_time": 357500.0,
    "p99_waiting_time": 372700.0
  },
  "online": {
    "completed_jobs": 999998,
    "lyapunov_drift": 0.0,
    "lyapunov_v": 22676068111.0,
    "throughput": 1.0,
    "utilization": 0.999998
  },
  "queue": {
    "max": 37647.0,
    "mean": 18852.297301875,
    "median": 9999.0,
    "min": 0.0,
    "std_dev": 10858.448772518956,
    "variance": 117905909.74541843
  },
  "scheduler_diag": {
    "avg_entropy": 2.5283206321841813,
    "avg_score_variance": 0.5581299120941949,
    "context_switch_rate": 0.90998481996964,
    "total_throughput": 0.999998
  },
  "stability": {
    "oscillation_frequency": 38.864999999999995,
    "time_to_steady_state": -1.0
  }
}