{
  "config": {
    "M": 10.0,
    "alpha": 0.1,
    "arrival_rate": 0.9,
    "beta": 0.1,
    "num_processes": 16,
    "scheduler": "fcfs",
    "seed": 999,
    "service_rate": 1.0,
    "ticks": 1000000,
    "workload": "uniform"
  },
  "fairness": {
    "jain_index": 0.09194375064692449,
    "max_starvation": 1000000.0,
    "starvation_events": 14
  },
  "latency": {
    "avg_turnaround": 75101.28024328024,
    "avg_waiting_time": 75100.28024328024,
    "max_waiting_time": 750212.0,
    "p50_waiting_time": 0.0,
    "p95_waiting_time": 563000.0,
    "p99_waiting_time": 712900.0
  },
  "online": {
    "completed_jobs": 999999,
    "lyapunov_drift": 17600867.0,
    "lyapunov_v": 9320909480969.0,
    "throughput": 1.0,
    "utilization": 0.999999
  },
  "queue": {
    "max": 800530.0,
    "mean": 368761.21106875,
    "median": 9999.0,
    "min": 0.0,
    "std_dev": 241220.85515392578,
    "variance": 58187500961.19124
  },
  "scheduler_diag": {
    "avg_entropy": 2.637384899215756,
    "avg_score_variance": null,
    "context_switch_rate": 0.4003934003934004,
    "total_throughput": 0.999999
  },
  "stability": {
    "oscillation_frequency": 0.0,
    "time_to_steady_state": -1.0
  }
}