{
  "config": {
    "M": 10.0,
    "alpha": 0.1,
    "arrival_rate": 0.4,
    "beta": 0.1,
    "num_processes": 16,
    "scheduler": "embi_unclipped",
    "seed": 42,
    "service_rate": 1.0,
    "ticks": 1000000,
    "workload": "uniform"
  },
  "fairness": {
    "jain_index": 0.9999841224453452,
    "max_starvation": 459.0,
    "starvation_events": 9188
  },
  "latency": {
    "avg_turnaround": 460919.635990636,
    "avg_waiting_time": 460918.635990636,
    "max_waiting_time": 922272.0,
    "p50_waiting_time": 460900.0,
    "p95_waiting_time": 875700.0,
    "p99_waiting_time": 912500.0
  },
  "online": {
    "completed_jobs": 999999,
    "lyapunov_drift": 16222721.0,
    "lyapunov_v": 8700063470586.0,
    "throughput": 1.0,
    "utilization": 0.999999
  },
  "queue": {
    "max": 737391.0,
    "mean": 368699.49491625,
    "median": 9999.0,
    "min": 0.0,
    "std_dev": 212872.46745270758,
    "variance": 45314687399.40405
  },
  "scheduler_diag": {
    "avg_entropy": 1.8959690174265478,
    "avg_score_variance": 3.58984476520701,
    "context_switch_rate": 0.9211089211089211,
    "total_throughput": 0.999999
  },
  "stability": {
    "oscillation_frequency": 0.0,
    "time_to_steady_state": -1.0
  }
}