{
  "config": {
    "M": 10.0,
    "alpha": 0.1,
    "arrival_rate": 0.4,
    "beta": 0.1,
    "num_processes": 16,
    "scheduler": "fcfs",
    "seed": 123,
    "service_rate": 1.0,
    "ticks": 1000000,
    "workload": "poisson"
  },
  "fairness": {
    "jain_index": 0.17370488479957824,
    "max_starvation": 1000000.0,
    "starvation_events": 289
  },
  "latency": {
    "avg_turnaround": 50180.5618045618,
    "avg_waiting_time": 50179.5618045618,
    "max_waiting_time": 500020.0,
    "p50_waiting_time": 0.0,
    "p95_waiting_time": 375000.0,
    "p99_waiting_time": 474000.0
  },
  "online": {
    "completed_jobs": 999999,
    "lyapunov_drift": 3200065.0,
    "lyapunov_v": 2121082010524.0,
    "throughput": 1.0,
    "utilization": 0.999999
  },
  "queue": {
    "max": 401350.0,
    "mean": 168852.61496625,
    "median": 9999.0,
    "min": 0.0,
    "std_dev": 125315.80850339451,
    "variance": 15704051860.859444
  },
  "scheduler_diag": {
    "avg_entropy": 2.0790321485434116,
    "avg_score_variance": null,
    "context_switch_rate": 0.509046509046509,
    "total_throughput": 0.999999
  },
  "stability": {
    "oscillation_frequency": 0.342,
    "time_to_steady_state": -1.0
  }
}