{
  "config": {
    "M": 10.0,
    "alpha": 0.1,
    "arrival_rate": 0.2,
    "beta": 0.1,
    "num_processes": 16,
    "scheduler": "maxweight",
    "seed": 789,
    "service_rate": 1.0,
    "ticks": 1000000,
    "workload": "poisson"
  },
  "fairness": {
    "jain_index": 0.9998871178470295,
    "max_starvation": 780.0,
    "starvation_events": 20306
  },
  "latency": {
    "avg_turnaround": 343312.2200812201,
    "avg_waiting_time": 343311.2200812201,
    "max_waiting_time": 690253.0,
    "p50_waiting_time": 343200.0,
    "p95_waiting_time": 652200.0,
    "p99_waiting_time": 679700.0
  },
  "online": {
    "completed_jobs": 999999,
    "lyapunov_drift": 1100102.0,
    "lyapunov_v": 302554727551.0,
    "throughput": 1.0,
    "utilization": 0.999999
  },
  "queue": {
    "max": 137513.0,
    "mean": 68664.52492625,
    "median": 9999.0,
    "min": 0.0,
    "std_dev": 39722.03327741122,
    "variance": 1577839927.6917639
  },
  "scheduler_diag": {
    "avg_entropy": 2.2761900115696467,
    "avg_score_variance": 2.132468065801509,
    "context_switch_rate": 0.8529078529078529,
    "total_throughput": 0.999999
  },
  "stability": {
    "oscillation_frequency": 17.318,
    "time_to_steady_state": -1.0
  }
}