{
  "config": {
    "M": 10.0,
    "alpha": 0.1,
    "arrival_rate": 0.9,
    "beta": 0.1,
    "num_processes": 16,
    "scheduler": "maxweight",
    "seed": 999,
    "service_rate": 1.0,
    "ticks": 1000000,
    "workload": "poisson"
  },
  "fairness": {
    "jain_index": 0.9997094585626086,
    "max_starvation": 2568.0,
    "starvation_events": 33177
  },
  "latency": {
    "avg_turnaround": 465364.61963061965,
    "avg_waiting_time": 465363.61963061965,
    "max_waiting_time": 932322.0,
    "p50_waiting_time": 465300.0,
    "p95_waiting_time": 884000.0,
    "p99_waiting_time": 921100.0
  },
  "online": {
    "completed_jobs": 999999,
    "lyapunov_drift": 23451352.0,
    "lyapunov_v": 11224039379853.0,
    "throughput": 1.0,
    "utilization": 0.999999
  },
  "queue": {
    "max": 837558.0,
    "mean": 418817.768075625,
    "median": 9999.0,
    "min": 0.0,
    "std_dev": 241762.30905188076,
    "variance": 58449014078.09711
  },
  "scheduler_diag": {
    "avg_entropy": 1.3315025156268998,
    "avg_score_variance": 48.93853821770542,
    "context_switch_rate": 0.6499556499556499,
    "total_throughput": 0.999999
  },
  "stability": {
    "oscillation_frequency": 0.002,
    "time_to_steady_state": -1.0
  }
}