{
  "config": {
    "M": 10.0,
    "alpha": 0.1,
    "arrival_rate": 0.3,
    "beta": 0.1,
    "num_processes": 16,
    "scheduler": "rr",
    "seed": 456,
    "service_rate": 1.0,
    "ticks": 1000000,
    "workload": "poisson"
  },
  "fairness": {
    "jain_index": 0.9999999999529997,
    "max_starvation": 19.0,
    "starvation_events": 0
  },
  "latency": {
    "avg_turnaround": 395664.8818788819,
    "avg_waiting_time": 395663.8818788819,
    "max_waiting_time": 793136.0,
    "p50_waiting_time": 395600.0,
    "p95_waiting_time": 751700.0,
    "p99_waiting_time": 783400.0
  },
  "online": {
    "completed_jobs": 999999,
    "lyapunov_drift": 1901696.0,
    "lyapunov_v": 902163637405.0,
    "throughput": 1.0,
    "utilization": 0.999999
  },
  "queue": {
    "max": 238349.0,
    "mean": 118706.667850625,
    "median": 9999.0,
    "min": 0.0,
    "std_dev": 68570.47137308642,
    "variance": 4701909544.327263
  },
  "scheduler_diag": {
    "avg_entropy": 2.7211801935497983,
    "avg_score_variance": 0.0625,
    "context_switch_rate": 0.999998999999,
    "total_throughput": 0.999999
  },
  "stability": {
    "oscillation_frequency": 5.324,
    "time_to_steady_state": -1.0
  }
}