{
  "config": {
    "M": 10.0,
    "alpha": 0.1,
    "arrival_rate": 0.8,
    "beta": 0.1,
    "num_processes": 8,
    "scheduler": "embi",
    "seed": 42,
    "service_rate": 1.0,
    "ticks": 50000,
    "workload": "poisson"
  },
  "fairness": {
    "jain_index": 0.9982713820305887,
    "max_starvation": 364.0,
    "starvation_events": 359
  },
  "latency": {
    "avg_turnaround": 21107.44330886618,
    "avg_waiting_time": 21106.44330886618,
    "max_waiting_time": 42424.0,
    "p50_waiting_time": 21125.0,
    "p95_waiting_time": 40105.0,
    "p99_waiting_time": 41755.0
  },
  "online": {
    "completed_jobs": 49999,
    "lyapunov_drift": 336905.0,
    "lyapunov_v": 9080533098.0,
    "throughput": 1.0,
    "utilization": 0.99998
  },
  "queue": {
    "max": 33688.0,
    "mean": 16903.12805,
    "median": 9999.0,
    "min": 0.0,
    "std_dev": 9725.999233916957,
    "variance": 94595061.09815323
  },
  "scheduler_diag": {
    "avg_entropy": 0.7253735055758048,
    "avg_score_variance": 35.983259494838684,
    "context_switch_rate": 0.6180523610472209,
    "total_throughput": 0.99998
  },
  "stability": {
    "oscillation_frequency": 15.64,
    "time_to_steady_state": -1.0
  }
}