{
  "config": {
    "M": 10.0,
    "alpha": 0.1,
    "arrival_rate": 0.7,
    "beta": 0.1,
    "num_processes": 16,
    "scheduler": "embi_unclipped",
    "seed": 123,
    "service_rate": 1.0,
    "ticks": 1000000,
    "workload": "poisson"
  },
  "fairness": {
    "jain_index": 0.9997472836491381,
    "max_starvation": 2737.0,
    "starvation_events": 33424
  },
  "latency": {
    "avg_turnaround": 455336.66105466103,
    "avg_waiting_time": 455335.66105466103,
    "max_waiting_time": 913979.0,
    "p50_waiting_time": 455200.0,
    "p95_waiting_time": 865100.0,
    "p99_waiting_time": 901700.0
  },
  "online": {
    "completed_jobs": 999999,
    "lyapunov_drift": 14021643.0,
    "lyapunov_v": 6499417415532.0,
    "throughput": 1.0,
    "utilization": 0.999999
  },
  "queue": {
    "max": 637349.0,
    "mean": 318785.837508125,
    "median": 9999.0,
    "min": 0.0,
    "std_dev": 183968.94689681608,
    "variance": 33844573422.323532
  },
  "scheduler_diag": {
    "avg_entropy": 0.8628409498808169,
    "avg_score_variance": 116.35477219388908,
    "context_switch_rate": 0.6597676597676597,
    "total_throughput": 0.999999
  },
  "stability": {
    "oscillation_frequency": 0.02,
    "time_to_steady_state": -1.0
  }
}