{
  "config": {
    "M": 10.0,
    "alpha": 0.1,
    "arrival_rate": 0.5,
    "beta": 0.1,
    "num_processes": 16,
    "scheduler": "maxweight",
    "seed": 123,
    "service_rate": 1.0,
    "ticks": 1000000,
    "workload": "poisson"
  },
  "fairness": {
    "jain_index": 0.9998996101193397,
    "max_starvation": 1608.0,
    "starvation_events": 31436
  },
  "latency": {
    "avg_turnaround": 437480.7535837536,
    "avg_waiting_time": 437479.7535837536,
    "max_waiting_time": 876303.0,
    "p50_waiting_time": 437400.0,
    "p95_waiting_time": 831300.0,
    "p99_waiting_time": 866300.0
  },
  "online": {
    "completed_jobs": 999999,
    "lyapunov_drift": 5249586.0,
    "lyapunov_v": 3062001270454.0,
    "throughput": 1.0,
    "utilization": 0.999999
  },
  "queue": {
    "max": 437464.0,
    "mean": 218842.413839375,
    "median": 9999.0,
    "min": 0.0,
    "std_dev": 126316.4880350389,
    "variance": 15955855149.506126
  },
  "scheduler_diag": {
    "avg_entropy": 1.7333661370417386,
    "avg_score_variance": 14.439914823247943,
    "context_switch_rate": 0.7398777398777399,
    "total_throughput": 0.999999
  },
  "stability": {
    "oscillation_frequency": 0.424,
    "time_to_steady_state": -1.0
  }
}