{
  "config": {
    "M": 10.0,
    "alpha": 0.1,
    "arrival_rate": 0.5,
    "beta": 0.1,
    "num_processes": 16,
    "scheduler": "fcfs",
    "seed": 456,
    "service_rate": 1.0,
    "ticks": 1000000,
    "workload": "poisson"
  },
  "fairness": {
    "jain_index": 0.12558844641613753,
    "max_starvation": 1000000.0,
    "starvation_events": 217
  },
  "latency": {
    "avg_turnaround": 1270.03609003609,
    "avg_waiting_time": 1269.03609003609,
    "max_waiting_time": 985943.0,
    "p50_waiting_time": 0.0,
    "p95_waiting_time": 500.0,
    "p99_waiting_time": 700.0
  },
  "online": {
    "completed_jobs": 999999,
    "lyapunov_drift": 12989708.0,
    "lyapunov_v": 3498391912772.0,
    "throughput": 1.0,
    "utilization": 0.999999
  },
  "queue": {
    "max": 500931.0,
    "mean": 218687.470710625,
    "median": 9999.0,
    "min": 0.0,
    "std_dev": 158278.5020805212,
    "variance": 25052084220.853554
  },
  "scheduler_diag": {
    "avg_entropy": 2.4961703694645143,
    "avg_score_variance": null,
    "context_switch_rate": 0.3956943956943957,
    "total_throughput": 0.999999
  },
  "stability": {
    "oscillation_frequency": 0.068,
    "time_to_steady_state": -1.0
  }
}