{
  "config": {
    "M": 10.0,
    "alpha": 0.1,
    "arrival_rate": 0.5,
    "beta": 0.1,
    "num_processes": 16,
    "scheduler": "cmu",
    "seed": 456,
    "service_rate": 1.0,
    "ticks": 1000000,
    "workload": "poisson"
  },
  "fairness": {
    "jain_index": 0.1258754203658615,
    "max_starvation": 1000000.0,
    "starvation_events": 291
  },
  "latency": {
    "avg_turnaround": 1714.4314354314354,
    "avg_waiting_time": 1713.4314354314354,
    "max_waiting_time": 916221.0,
    "p50_waiting_time": 0.0,
    "p95_waiting_time": 500.0,
    "p99_waiting_time": 900.0
  },
  "online": {
    "completed_jobs": 999999,
    "lyapunov_drift": 13981662.0,
    "lyapunov_v": 3498070268368.0,
    "throughput": 1.0,
    "utilization": 0.999999
  },
  "queue": {
    "max": 501209.0,
    "mean": 218687.470710625,
    "median": 9999.0,
    "min": 0.0,
    "std_dev": 158279.0778634935,
    "variance": 25052266489.317833
  },
  "scheduler_diag": {
    "avg_entropy": 2.772588722264898,
    "avg_score_variance": 0.0,
    "context_switch_rate": 0.3964213964213964,
    "total_throughput": 0.999999
  },
  "stability": {
    "oscillation_frequency": 0.068,
    "time_to_steady_state": -1.0
  }
}