{
  "config": {
    "M": 10.0,
    "alpha": 0.1,
    "arrival_rate": 0.2,
    "beta": 0.1,
    "num_processes": 16,
    "scheduler": "maxweight",
    "seed": 999,
    "service_rate": 1.0,
    "ticks": 1000000,
    "workload": "uniform"
  },
  "fairness": {
    "jain_index": 0.999982066926734,
    "max_starvation": 430.0,
    "starvation_events": 8008
  },
  "latency": {
    "avg_turnaround": 460984.5893945894,
    "avg_waiting_time": 460983.5893945894,
    "max_waiting_time": 922605.0,
    "p50_waiting_time": 460900.0,
    "p95_waiting_time": 875800.0,
    "p99_waiting_time": 912700.0
  },
  "online": {
    "completed_jobs": 999999,
    "lyapunov_drift": 16225753.0,
    "lyapunov_v": 8703321594397.0,
    "throughput": 1.0,
    "utilization": 0.999999
  },
  "queue": {
    "max": 737530.0,
    "mean": 368761.21106875,
    "median": 9999.0,
    "min": 0.0,
    "std_dev": 212892.77220163104,
    "variance": 45323332455.69557
  },
  "scheduler_diag": {
    "avg_entropy": 2.464729977153323,
    "avg_score_variance": 0.8777375485721197,
    "context_switch_rate": 0.9501319501319502,
    "total_throughput": 0.999999
  },
  "stability": {
    "oscillation_frequency": 0.0,
    "time_to_steady_state": -1.0
  }
}