{
  "config": {
    "M": 10.0,
    "alpha": 0.1,
    "arrival_rate": 0.1,
    "beta": 0.1,
    "num_processes": 16,
    "scheduler": "maxweight",
    "seed": 123,
    "service_rate": 1.0,
    "ticks": 1000000,
    "workload": "poisson"
  },
  "fairness": {
    "jain_index": 0.9999841109129096,
    "max_starvation": 381.0,
    "starvation_events": 7712
  },
  "latency": {
    "avg_turnaround": 187429.95187790375,
    "avg_waiting_time": 187428.95187790375,
    "max_waiting_time": 379929.0,
    "p50_waiting_time": 187400.0,
    "p95_waiting_time": 356000.0,
    "p99_waiting_time": 371200.0
  },
  "online": {
    "completed_jobs": 999998,
    "lyapunov_drift": 0.0,
    "lyapunov_v": 22524831851.0,
    "throughput": 1.0,
    "utilization": 0.999998
  },
  "queue": {
    "max": 37521.0,
    "mean": 18750.3139775,
    "median": 9999.0,
    "min": 0.0,
    "std_dev": 10833.955437297906,
    "variance": 117374590.41735685
  },
  "scheduler_diag": {
    "avg_entropy": 2.528492347708048,
    "avg_score_variance": 0.5590807848292604,
    "context_switch_rate": 0.90999581999164,
    "total_throughput": 0.999998
  },
  "stability": {
    "oscillation_frequency": 38.75,
    "time_to_steady_state": -1.0
  }
}