{
  "config": {
    "M": 10.0,
    "alpha": 0.1,
    "arrival_rate": 0.8,
    "beta": 0.1,
    "num_processes": 16,
    "scheduler": "fcfs",
    "seed": 999,
    "service_rate": 1.0,
    "ticks": 1000000,
    "workload": "poisson"
  },
  "fairness": {
    "jain_index": 0.09197132571084704,
    "max_starvation": 1000000.0,
    "starvation_events": 305
  },
  "latency": {
    "avg_turnaround": 75469.94036594036,
    "avg_waiting_time": 75468.94036594036,
    "max_waiting_time": 750607.0,
    "p50_waiting_time": 0.0,
    "p95_waiting_time": 564600.0,
    "p99_waiting_time": 713200.0
  },
  "online": {
    "completed_jobs": 999999,
    "lyapunov_drift": 15599320.0,
    "lyapunov_v": 9321891753563.0,
    "throughput": 1.0,
    "utilization": 0.999999
  },
  "queue": {
    "max": 801292.0,
    "mean": 368814.79892750003,
    "median": 9999.0,
    "min": 0.0,
    "std_dev": 241202.55030427963,
    "variance": 58178670273.28854
  },
  "scheduler_diag": {
    "avg_entropy": 2.6199717528975266,
    "avg_score_variance": null,
    "context_switch_rate": 0.22017322017322016,
    "total_throughput": 0.999999
  },
  "stability": {
    "oscillation_frequency": 0.002,
    "time_to_steady_state": -1.0
  }
}