{
  "config": {
    "M": 10.0,
    "alpha": 0.1,
    "arrival_rate": 0.3,
    "beta": 0.1,
    "num_processes": 16,
    "scheduler": "maxweight",
    "seed": 123,
    "service_rate": 1.0,
    "ticks": 1000000,
    "workload": "uniform"
  },
  "fairness": {
    "jain_index": 0.9999779988250593,
    "max_starvation": 421.0,
    "starvation_events": 7882
  },
  "latency": {
    "avg_turnaround": 460931.4152034152,
    "avg_waiting_time": 460930.4152034152,
    "max_waiting_time": 922568.0,
    "p50_waiting_time": 460900.0,
    "p95_waiting_time": 875700.0,
    "p99_waiting_time": 912600.0
  },
  "online": {
    "completed_jobs": 999999,
    "lyapunov_drift": 16223527.0,
    "lyapunov_v": 8700929195899.0,
    "throughput": 1.0,
    "utilization": 0.999999
  },
  "queue": {
    "max": 737428.0,
    "mean": 368764.866915625,
    "median": 9999.0,
    "min": 0.0,
    "std_dev": 212875.34611187867,
    "variance": 45315912982.25214
  },
  "scheduler_diag": {
    "avg_entropy": 2.4651251093748066,
    "avg_score_variance": 0.8752902377914789,
    "context_switch_rate": 0.9500739500739501,
    "total_throughput": 0.999999
  },
  "stability": {
    "oscillation_frequency": 0.0,
    "time_to_steady_state": -1.0
  }
}