{
  "config": {
    "M": 10.0,
    "alpha": 0.1,
    "arrival_rate": 0.2,
    "beta": 0.1,
    "num_processes": 16,
    "scheduler": "rr",
    "seed": 42,
    "service_rate": 1.0,
    "ticks": 1000000,
    "workload": "poisson"
  },
  "fairness": {
    "jain_index": 0.9999999999529998,
    "max_starvation": 26.0,
    "starvation_events": 0
  },
  "latency": {
    "avg_turnaround": 343772.6733056733,
    "avg_waiting_time": 343771.6733056733,
    "max_waiting_time": 689658.0,
    "p50_waiting_time": 343700.0,
    "p95_waiting_time": 653000.0,
    "p99_waiting_time": 680500.0
  },
  "online": {
    "completed_jobs": 999999,
    "lyapunov_drift": 1097432.0,
    "lyapunov_v": 302692145311.0,
    "throughput": 1.0,
    "utilization": 0.999999
  },
  "queue": {
    "max": 138104.0,
    "mean": 68742.86747,
    "median": 9999.0,
    "min": 0.0,
    "std_dev": 39688.782578081475,
    "variance": 1575199462.5302238
  },
  "scheduler_diag": {
    "avg_entropy": 2.7211801935497983,
    "avg_score_variance": 0.0625,
    "context_switch_rate": 0.999998999999,
    "total_throughput": 0.999999
  },
  "stability": {
    "oscillation_frequency": 16.746000000000002,
    "time_to_steady_state": -1.0
  }
}