{
  "config": {
    "M": 10.0,
    "alpha": 0.1,
    "arrival_rate": 0.5,
    "beta": 0.1,
    "num_processes": 16,
    "scheduler": "rr",
    "seed": 42,
    "service_rate": 1.0,
    "ticks": 1000000,
    "workload": "poisson"
  },
  "fairness": {
    "jain_index": 0.9999999999849999,
    "max_starvation": 17.0,
    "starvation_events": 0
  },
  "latency": {
    "avg_turnaround": 437509.14244114247,
    "avg_waiting_time": 437508.14244114247,
    "max_waiting_time": 876234.0,
    "p50_waiting_time": 437400.0,
    "p95_waiting_time": 831200.0,
    "p99_waiting_time": 866200.0
  },
  "online": {
    "completed_jobs": 999999,
    "lyapunov_drift": 871519.0,
    "lyapunov_v": 3060728811371.0,
    "throughput": 1.0,
    "utilization": 0.999999
  },
  "queue": {
    "max": 438600.0,
    "mean": 218717.291976875,
    "median": 9999.0,
    "min": 0.0,
    "std_dev": 126266.27428170083,
    "variance": 15943172020.981705
  },
  "scheduler_diag": {
    "avg_entropy": 2.7211801935497983,
    "avg_score_variance": 0.0625,
    "context_switch_rate": 0.999998999999,
    "total_throughput": 0.999999
  },
  "stability": {
    "oscillation_frequency": 0.30200000000000005,
    "time_to_steady_state": -1.0
  }
}