{
  "config": {
    "M": 10.0,
    "alpha": 0.1,
    "arrival_rate": 0.3,
    "beta": 0.1,
    "num_processes": 16,
    "scheduler": "maxweight",
    "seed": 42,
    "service_rate": 1.0,
    "ticks": 1000000,
    "workload": "poisson"
  },
  "fairness": {
    "jain_index": 0.9998935881208467,
    "max_starvation": 1016.0,
    "starvation_events": 26547
  },
  "latency": {
    "avg_turnaround": 395840.8026928027,
    "avg_waiting_time": 395839.8026928027,
    "max_waiting_time": 793820.0,
    "p50_waiting_time": 395900.0,
    "p95_waiting_time": 752000.0,
    "p99_waiting_time": 783600.0
  },
  "online": {
    "completed_jobs": 999999,
    "lyapunov_drift": 1899106.0,
    "lyapunov_v": 901665618011.0,
    "throughput": 1.0,
    "utilization": 0.999999
  },
  "queue": {
    "max": 237391.0,
    "mean": 118736.134744375,
    "median": 9999.0,
    "min": 0.0,
    "std_dev": 68545.88559571146,
    "variance": 4698538432.100363
  },
  "scheduler_diag": {
    "avg_entropy": 2.058648379612708,
    "avg_score_variance": 4.992485788319053,
    "context_switch_rate": 0.8077918077918078,
    "total_throughput": 0.999999
  },
  "stability": {
    "oscillation_frequency": 5.75,
    "time_to_steady_state": -1.0
  }
}