{
  "config": {
    "M": 10.0,
    "alpha": 0.1,
    "arrival_rate": 0.9,
    "beta": 0.1,
    "num_processes": 16,
    "scheduler": "cmu",
    "seed": 999,
    "service_rate": 1.0,
    "ticks": 1000000,
    "workload": "bursty"
  },
  "fairness": {
    "jain_index": 0.37495861731959107,
    "max_starvation": 1000000.0,
    "starvation_events": 3270
  },
  "latency": {
    "avg_turnaround": 4394.214014214014,
    "avg_waiting_time": 4393.214014214014,
    "max_waiting_time": 60797.0,
    "p50_waiting_time": 0.0,
    "p95_waiting_time": 35600.0,
    "p99_waiting_time": 57500.0
  },
  "online": {
    "completed_jobs": 999999,
    "lyapunov_drift": 15.0,
    "lyapunov_v": 283665578707.0,
    "throughput": 1.0,
    "utilization": 0.999999
  },
  "queue": {
    "max": 169549.0,
    "mean": 52859.43605,
    "median": 9999.0,
    "min": 0.0,
    "std_dev": 55744.76089231146,
    "variance": 3107478366.940977
  },
  "scheduler_diag": {
    "avg_entropy": 2.772588722264898,
    "avg_score_variance": 0.0,
    "context_switch_rate": 0.3625383625383625,
    "total_throughput": 0.999999
  },
  "stability": {
    "oscillation_frequency": 25.9,
    "time_to_steady_state": -1.0
  }
}