{
  "config": {
    "M": 10.0,
    "alpha": 0.1,
    "arrival_rate": 0.8,
    "beta": 0.1,
    "num_processes": 16,
    "scheduler": "embi_unclipped",
    "seed": 123,
    "service_rate": 1.0,
    "ticks": 1000000,
    "workload": "poisson"
  },
  "fairness": {
    "jain_index": 0.9996988391316887,
    "max_starvation": 3247.0,
    "starvation_events": 33426
  },
  "latency": {
    "avg_turnaround": 460917.85787585785,
    "avg_waiting_time": 460916.85787585785,
    "max_waiting_time": 923160.0,
    "p50_waiting_time": 460900.0,
    "p95_waiting_time": 875700.0,
    "p99_waiting_time": 912600.0
  },
  "online": {
    "completed_jobs": 999999,
    "lyapunov_drift": 10320987.0,
    "lyapunov_v": 8695704528502.0,
    "throughput": 1.0,
    "utilization": 0.999999
  },
  "queue": {
    "max": 737213.0,
    "mean": 368751.474271875,
    "median": 9999.0,
    "min": 0.0,
    "std_dev": 212798.91260342035,
    "variance": 45283377205.198135
  },
  "scheduler_diag": {
    "avg_entropy": 0.7965470463625587,
    "avg_score_variance": 157.63995062654274,
    "context_switch_rate": 0.6401236401236401,
    "total_throughput": 0.999999
  },
  "stability": {
    "oscillation_frequency": 0.004,
    "time_to_steady_state": -1.0
  }
}