{
  "config": {
    "M": 10.0,
    "alpha": 0.1,
    "arrival_rate": 0.8,
    "beta": 0.1,
    "num_processes": 16,
    "scheduler": "fcfs",
    "seed": 123,
    "service_rate": 1.0,
    "ticks": 1000000,
    "workload": "poisson"
  },
  "fairness": {
    "jain_index": 0.09210029128946765,
    "max_starvation": 1000000.0,
    "starvation_events": 277
  },
  "latency": {
    "avg_turnaround": 75195.0529040529,
    "avg_waiting_time": 75194.0529040529,
    "max_waiting_time": 748217.0,
    "p50_waiting_time": 0.0,
    "p95_waiting_time": 562700.0,
    "p99_waiting_time": 710600.0
  },
  "online": {
    "completed_jobs": 999999,
    "lyapunov_drift": 10794567.0,
    "lyapunov_v": 9313533030246.0,
    "throughput": 1.0,
    "utilization": 0.999999
  },
  "queue": {
    "max": 801787.0,
    "mean": 368751.474271875,
    "median": 9999.0,
    "min": 0.0,
    "std_dev": 241175.174719728,
    "variance": 58165464901.091324
  },
  "scheduler_diag": {
    "avg_entropy": 2.4637849453933676,
    "avg_score_variance": null,
    "context_switch_rate": 0.22122022122022122,
    "total_throughput": 0.999999
  },
  "stability": {
    "oscillation_frequency": 0.002,
    "time_to_steady_state": -1.0
  }
}