{
  "config": {
    "M": 10.0,
    "alpha": 0.1,
    "arrival_rate": 0.4,
    "beta": 0.1,
    "num_processes": 16,
    "scheduler": "fcfs",
    "seed": 999,
    "service_rate": 1.0,
    "ticks": 1000000,
    "workload": "bursty"
  },
  "fairness": {
    "jain_index": 0.37496587765254896,
    "max_starvation": 1000000.0,
    "starvation_events": 3268
  },
  "latency": {
    "avg_turnaround": 5541.979012979013,
    "avg_waiting_time": 5540.979012979013,
    "max_waiting_time": 67373.0,
    "p50_waiting_time": 0.0,
    "p95_waiting_time": 45800.0,
    "p99_waiting_time": 60200.0
  },
  "online": {
    "completed_jobs": 999999,
    "lyapunov_drift": 670241.0,
    "lyapunov_v": 283553352021.0,
    "throughput": 1.0,
    "utilization": 0.999999
  },
  "queue": {
    "max": 169549.0,
    "mean": 52859.43605,
    "median": 9999.0,
    "min": 0.0,
    "std_dev": 55628.09328448569,
    "variance": 3094484762.4674416
  },
  "scheduler_diag": {
    "avg_entropy": 2.0956695511419907,
    "avg_score_variance": null,
    "context_switch_rate": 0.3633033633033633,
    "total_throughput": 0.999999
  },
  "stability": {
    "oscillation_frequency": 25.942,
    "time_to_steady_state": -1.0
  }
}