{
  "config": {
    "M": 10.0,
    "alpha": 0.1,
    "arrival_rate": 0.6,
    "beta": 0.1,
    "num_processes": 16,
    "scheduler": "rr",
    "seed": 789,
    "service_rate": 1.0,
    "ticks": 1000000,
    "workload": "poisson"
  },
  "fairness": {
    "jain_index": 0.9999999999529998,
    "max_starvation": 17.0,
    "starvation_events": 0
  },
  "latency": {
    "avg_turnaround": 447772.35794935795,
    "avg_waiting_time": 447771.35794935795,
    "max_waiting_time": 896438.0,
    "p50_waiting_time": 447700.0,
    "p95_waiting_time": 850700.0,
    "p99_waiting_time": 886500.0
  },
  "online": {
    "completed_jobs": 999999,
    "lyapunov_drift": 12897272.0,
    "lyapunov_v": 4617807512989.0,
    "throughput": 1.0,
    "utilization": 0.999999
  },
  "queue": {
    "max": 538686.0,
    "mean": 268666.35139,
    "median": 9999.0,
    "min": 0.0,
    "std_dev": 155130.94455853486,
    "variance": 24065609959.623215
  },
  "scheduler_diag": {
    "avg_entropy": 2.7211801935497983,
    "avg_score_variance": 0.0625,
    "context_switch_rate": 0.999998999999,
    "total_throughput": 0.999999
  },
  "stability": {
    "oscillation_frequency": 0.07200000000000001,
    "time_to_steady_state": -1.0
  }
}