{
  "config": {
    "M": 10.0,
    "alpha": 0.1,
    "arrival_rate": 0.2,
    "beta": 0.1,
    "num_processes": 16,
    "scheduler": "rr",
    "seed": 999,
    "service_rate": 1.0,
    "ticks": 1000000,
    "workload": "heavy_tail"
  },
  "fairness": {
    "jain_index": 0.999990093598512,
    "max_starvation": 12210.0,
    "starvation_events": 0
  },
  "latency": {
    "avg_turnaround": 406800.6446032892,
    "avg_waiting_time": 406799.6446032892,
    "max_waiting_time": 817226.0,
    "p50_waiting_time": 406700.0,
    "p95_waiting_time": 774000.0,
    "p99_waiting_time": 806600.0
  },
  "online": {
    "completed_jobs": 999998,
    "lyapunov_drift": 1619067.0,
    "lyapunov_v": 1181132193032.0,
    "throughput": 1.0,
    "utilization": 0.999998
  },
  "queue": {
    "max": 280034.0,
    "mean": 136386.805735625,
    "median": 9999.0,
    "min": 0.0,
    "std_dev": 78456.70124392668,
    "variance": 6155453970.078766
  },
  "scheduler_diag": {
    "avg_entropy": 2.7211801935497983,
    "avg_score_variance": 0.0625,
    "context_switch_rate": 0.999998999998,
    "total_throughput": 0.999998
  },
  "stability": {
    "oscillation_frequency": 1.516,
    "time_to_steady_state": -1.0
  }
}