{
  "config": {
    "M": 10.0,
    "alpha": 0.1,
    "arrival_rate": 0.3,
    "beta": 0.1,
    "num_processes": 16,
    "scheduler": "embi_unclipped",
    "seed": 999,
    "service_rate": 1.0,
    "ticks": 1000000,
    "workload": "poisson"
  },
  "fairness": {
    "jain_index": 0.9999149918099763,
    "max_starvation": 1118.0,
    "starvation_events": 27943
  },
  "latency": {
    "avg_turnaround": 396117.42748442746,
    "avg_waiting_time": 396116.42748442746,
    "max_waiting_time": 794802.0,
    "p50_waiting_time": 396000.0,
    "p95_waiting_time": 752500.0,
    "p99_waiting_time": 784200.0
  },
  "online": {
    "completed_jobs": 999999,
    "lyapunov_drift": 1425397.0,
    "lyapunov_v": 903019249769.0,
    "throughput": 1.0,
    "utilization": 0.999999
  },
  "queue": {
    "max": 237568.0,
    "mean": 118840.720085625,
    "median": 9999.0,
    "min": 0.0,
    "std_dev": 68550.26409316783,
    "variance": 4699138707.243055
  },
  "scheduler_diag": {
    "avg_entropy": 1.338725452728094,
    "avg_score_variance": 20.454718845650476,
    "context_switch_rate": 0.7752217752217753,
    "total_throughput": 0.999999
  },
  "stability": {
    "oscillation_frequency": 5.728,
    "time_to_steady_state": -1.0
  }
}