{
  "config": {
    "M": 10.0,
    "alpha": 0.1,
    "arrival_rate": 0.6,
    "beta": 0.1,
    "num_processes": 16,
    "scheduler": "rr",
    "seed": 123,
    "service_rate": 1.0,
    "ticks": 1000000,
    "workload": "bursty"
  },
  "fairness": {
    "jain_index": 0.999999998352997,
    "max_starvation": 85.0,
    "starvation_events": 0
  },
  "latency": {
    "avg_turnaround": 314571.15083515085,
    "avg_waiting_time": 314570.15083515085,
    "max_waiting_time": 635845.0,
    "p50_waiting_time": 314200.0,
    "p95_waiting_time": 598700.0,
    "p99_waiting_time": 624300.0
  },
  "online": {
    "completed_jobs": 999999,
    "lyapunov_drift": 1314.0,
    "lyapunov_v": 180706451058.0,
    "throughput": 1.0,
    "utilization": 0.999999
  },
  "queue": {
    "max": 109251.0,
    "mean": 53156.549843125,
    "median": 9999.0,
    "min": 0.0,
    "std_dev": 30697.593003462567,
    "variance": 942342216.206234
  },
  "scheduler_diag": {
    "avg_entropy": 2.7211801935497983,
    "avg_score_variance": 0.0625,
    "context_switch_rate": 0.999998999999,
    "total_throughput": 0.999999
  },
  "stability": {
    "oscillation_frequency": 36.428000000000004,
    "time_to_steady_state": -1.0
  }
}