{
  "config": {
    "M": 10.0,
    "alpha": 0.1,
    "arrival_rate": 0.5,
    "beta": 0.1,
    "num_processes": 16,
    "scheduler": "fcfs",
    "seed": 42,
    "service_rate": 1.0,
    "ticks": 1000000,
    "workload": "poisson"
  },
  "fairness": {
    "jain_index": 0.1251161079121699,
    "max_starvation": 1000000.0,
    "starvation_events": 60
  },
  "latency": {
    "avg_turnaround": 548.1327061327062,
    "avg_waiting_time": 547.1327061327062,
    "max_waiting_time": 137875.0,
    "p50_waiting_time": 0.0,
    "p95_waiting_time": 1700.0,
    "p99_waiting_time": 1900.0
  },
  "online": {
    "completed_jobs": 999999,
    "lyapunov_drift": 1996833.0,
    "lyapunov_v": 3497114226905.0,
    "throughput": 1.0,
    "utilization": 0.999999
  },
  "queue": {
    "max": 501067.0,
    "mean": 218717.291976875,
    "median": 9999.0,
    "min": 0.0,
    "std_dev": 158228.40770213428,
    "variance": 25036229003.952827
  },
  "scheduler_diag": {
    "avg_entropy": 2.2789203556995576,
    "avg_score_variance": null,
    "context_switch_rate": 0.394002394002394,
    "total_throughput": 0.999999
  },
  "stability": {
    "oscillation_frequency": 0.060000000000000005,
    "time_to_steady_state": -1.0
  }
}