{
  "config": {
    "M": 10.0,
    "alpha": 0.1,
    "arrival_rate": 0.1,
    "beta": 0.1,
    "num_processes": 16,
    "scheduler": "embi",
    "seed": 123,
    "service_rate": 1.0,
    "ticks": 1000000,
    "workload": "poisson"
  },
  "fairness": {
    "jain_index": 0.999984145439952,
    "max_starvation": 383.0,
    "starvation_events": 9177
  },
  "latency": {
    "avg_turnaround": 187429.95269690538,
    "avg_waiting_time": 187428.95269690538,
    "max_waiting_time": 379930.0,
    "p50_waiting_time": 187400.0,
    "p95_waiting_time": 356000.0,
    "p99_waiting_time": 371200.0
  },
  "online": {
    "completed_jobs": 999998,
    "lyapunov_drift": 0.0,
    "lyapunov_v": 22524831853.0,
    "throughput": 1.0,
    "utilization": 0.999998
  },
  "queue": {
    "max": 37522.0,
    "mean": 18750.3139775,
    "median": 9999.0,
    "min": 0.0,
    "std_dev": 10833.95543732427,
    "variance": 117374590.4179281
  },
  "scheduler_diag": {
    "avg_entropy": 2.0057074572115448,
    "avg_score_variance": 2.150414900943573,
    "context_switch_rate": 0.886235772471545,
    "total_throughput": 0.999998
  },
  "stability": {
    "oscillation_frequency": 38.774,
    "time_to_steady_state": -1.0
  }
}