{
  "config": {
    "M": 10.0,
    "alpha": 0.1,
    "arrival_rate": 0.3,
    "beta": 0.1,
    "num_processes": 16,
    "scheduler": "fcfs",
    "seed": 999,
    "service_rate": 1.0,
    "ticks": 1000000,
    "workload": "poisson"
  },
  "fairness": {
    "jain_index": 0.22328811530794818,
    "max_starvation": 1000000.0,
    "starvation_events": 1733
  },
  "latency": {
    "avg_turnaround": 33790.970241970244,
    "avg_waiting_time": 33789.970241970244,
    "max_waiting_time": 667252.0,
    "p50_waiting_time": 0.0,
    "p95_waiting_time": 338500.0,
    "p99_waiting_time": 605000.0
  },
  "online": {
    "completed_jobs": 999999,
    "lyapunov_drift": 1802379.0,
    "lyapunov_v": 1120674767205.0,
    "throughput": 1.0,
    "utilization": 0.999999
  },
  "queue": {
    "max": 301103.0,
    "mean": 118840.720085625,
    "median": 9999.0,
    "min": 0.0,
    "std_dev": 96088.18908374279,
    "variance": 9232940081.393106
  },
  "scheduler_diag": {
    "avg_entropy": 2.189921917321337,
    "avg_score_variance": null,
    "context_switch_rate": 0.5919005919005919,
    "total_throughput": 0.999999
  },
  "stability": {
    "oscillation_frequency": 1.63,
    "time_to_steady_state": -1.0
  }
}