{
  "config": {
    "M": 10.0,
    "alpha": 0.1,
    "arrival_rate": 0.9,
    "beta": 0.1,
    "num_processes": 16,
    "scheduler": "rr",
    "seed": 789,
    "service_rate": 1.0,
    "ticks": 1000000,
    "workload": "heavy_tail"
  },
  "fairness": {
    "jain_index": 0.9999999909799641,
    "max_starvation": 390.0,
    "starvation_events": 0
  },
  "latency": {
    "avg_turnaround": 406867.9819429639,
    "avg_waiting_time": 406866.9819429639,
    "max_waiting_time": 820667.0,
    "p50_waiting_time": 406600.0,
    "p95_waiting_time": 772300.0,
    "p99_waiting_time": 806100.0
  },
  "online": {
    "completed_jobs": 999998,
    "lyapunov_drift": 1057966.0,
    "lyapunov_v": 1164438049601.0,
    "throughput": 1.0,
    "utilization": 0.999998
  },
  "queue": {
    "max": 277417.0,
    "mean": 134558.8441275,
    "median": 9999.0,
    "min": 0.0,
    "std_dev": 77939.46251819844,
    "variance": 6074559817.62566
  },
  "scheduler_diag": {
    "avg_entropy": 2.7211801935497983,
    "avg_score_variance": 0.0625,
    "context_switch_rate": 0.999998999998,
    "total_throughput": 0.999998
  },
  "stability": {
    "oscillation_frequency": 1.4220000000000002,
    "time_to_steady_state": -1.0
  }
}