{
  "config": {
    "M": 10.0,
    "alpha": 0.1,
    "arrival_rate": 0.6,
    "beta": 0.1,
    "num_processes": 16,
    "scheduler": "cmu",
    "seed": 42,
    "service_rate": 1.0,
    "ticks": 1000000,
    "workload": "poisson"
  },
  "fairness": {
    "jain_index": 0.1201586382699899,
    "max_starvation": 1000000.0,
    "starvation_events": 14
  },
  "latency": {
    "avg_turnaround": 67187.52247152248,
    "avg_waiting_time": 67186.52247152248,
    "max_waiting_time": 333284.0,
    "p50_waiting_time": 0.0,
    "p95_waiting_time": 293100.0,
    "p99_waiting_time": 325200.0
  },
  "online": {
    "completed_jobs": 999999,
    "lyapunov_drift": 11194365.0,
    "lyapunov_v": 5077231681176.0,
    "throughput": 1.0,
    "utilization": 0.999999
  },
  "queue": {
    "max": 601037.0,
    "mean": 268706.3720625,
    "median": 9999.0,
    "min": 0.0,
    "std_dev": 183250.5185571451,
    "variance": 33580752551.46257
  },
  "scheduler_diag": {
    "avg_entropy": 2.772588722264898,
    "avg_score_variance": 0.0,
    "context_switch_rate": 0.3609243609243609,
    "total_throughput": 0.999999
  },
  "stability": {
    "oscillation_frequency": 0.018000000000000002,
    "time_to_steady_state": -1.0
  }
}