{
  "config": {
    "M": 10.0,
    "alpha": 0.1,
    "arrival_rate": 0.9,
    "beta": 0.1,
    "num_processes": 16,
    "scheduler": "cmu",
    "seed": 456,
    "service_rate": 1.0,
    "ticks": 1000000,
    "workload": "poisson"
  },
  "fairness": {
    "jain_index": 0.07628185953390441,
    "max_starvation": 1000000.0,
    "starvation_events": 1728
  },
  "latency": {
    "avg_turnaround": 44216.31816131816,
    "avg_waiting_time": 44215.31816131816,
    "max_waiting_time": 888709.0,
    "p50_waiting_time": 0.0,
    "p95_waiting_time": 437800.0,
    "p99_waiting_time": 800100.0
  },
  "online": {
    "completed_jobs": 999999,
    "lyapunov_drift": 23390285.0,
    "lyapunov_v": 11967396990041.0,
    "throughput": 1.0,
    "utilization": 0.999999
  },
  "queue": {
    "max": 900229.0,
    "mean": 418617.7782475,
    "median": 9999.0,
    "min": 0.0,
    "std_dev": 272357.2684495624,
    "variance": 74178481677.307
  },
  "scheduler_diag": {
    "avg_entropy": 2.772588722264898,
    "avg_score_variance": 0.0,
    "context_switch_rate": 0.11872811872811873,
    "total_throughput": 0.999999
  },
  "stability": {
    "oscillation_frequency": 0.0,
    "time_to_steady_state": -1.0
  }
}