{
  "config": {
    "M": 10.0,
    "alpha": 0.1,
    "arrival_rate": 0.2,
    "beta": 0.1,
    "num_processes": 16,
    "scheduler": "embi_unclipped",
    "seed": 42,
    "service_rate": 1.0,
    "ticks": 1000000,
    "workload": "poisson"
  },
  "fairness": {
    "jain_index": 0.9999664958245571,
    "max_starvation": 819.0,
    "starvation_events": 22218
  },
  "latency": {
    "avg_turnaround": 343768.85586185585,
    "avg_waiting_time": 343767.85586185585,
    "max_waiting_time": 691519.0,
    "p50_waiting_time": 343700.0,
    "p95_waiting_time": 653000.0,
    "p99_waiting_time": 680300.0
  },
  "online": {
    "completed_jobs": 999999,
    "lyapunov_drift": 1100352.0,
    "lyapunov_v": 302690054871.0,
    "throughput": 1.0,
    "utilization": 0.999999
  },
  "queue": {
    "max": 137543.0,
    "mean": 68742.86747,
    "median": 9999.0,
    "min": 0.0,
    "std_dev": 39687.99888870106,
    "variance": 1575137255.7895365
  },
  "scheduler_diag": {
    "avg_entropy": 1.593290110612753,
    "avg_score_variance": 8.700031786063205,
    "context_switch_rate": 0.8225378225378225,
    "total_throughput": 0.999999
  },
  "stability": {
    "oscillation_frequency": 17.422,
    "time_to_steady_state": -1.0
  }
}