{
  "config": {
    "M": 10.0,
    "alpha": 0.1,
    "arrival_rate": 0.3,
    "beta": 0.1,
    "num_processes": 16,
    "scheduler": "rr",
    "seed": 42,
    "service_rate": 1.0,
    "ticks": 1000000,
    "workload": "poisson"
  },
  "fairness": {
    "jain_index": 0.9999999999849999,
    "max_starvation": 17.0,
    "starvation_events": 0
  },
  "latency": {
    "avg_turnaround": 395848.26966726966,
    "avg_waiting_time": 395847.26966726966,
    "max_waiting_time": 793403.0,
    "p50_waiting_time": 395800.0,
    "p95_waiting_time": 752000.0,
    "p99_waiting_time": 783600.0
  },
  "online": {
    "completed_jobs": 999999,
    "lyapunov_drift": 1903860.0,
    "lyapunov_v": 901672279059.0,
    "throughput": 1.0,
    "utilization": 0.999999
  },
  "queue": {
    "max": 238836.0,
    "mean": 118736.134744375,
    "median": 9999.0,
    "min": 0.0,
    "std_dev": 68547.35322674522,
    "variance": 4698739634.3921795
  },
  "scheduler_diag": {
    "avg_entropy": 2.7211801935497983,
    "avg_score_variance": 0.0625,
    "context_switch_rate": 0.999998999999,
    "total_throughput": 0.999999
  },
  "stability": {
    "oscillation_frequency": 5.624,
    "time_to_steady_state": -1.0
  }
}