{
  "config": {
    "M": 10.0,
    "alpha": 0.1,
    "arrival_rate": 0.7,
    "beta": 0.1,
    "num_processes": 16,
    "scheduler": "maxweight",
    "seed": 456,
    "service_rate": 1.0,
    "ticks": 1000000,
    "workload": "poisson"
  },
  "fairness": {
    "jain_index": 0.999839333001647,
    "max_starvation": 3213.0,
    "starvation_events": 32907
  },
  "latency": {
    "avg_turnaround": 455279.057991058,
    "avg_waiting_time": 455278.057991058,
    "max_waiting_time": 912887.0,
    "p50_waiting_time": 455200.0,
    "p95_waiting_time": 865000.0,
    "p99_waiting_time": 901400.0
  },
  "online": {
    "completed_jobs": 999999,
    "lyapunov_drift": 19119025.0,
    "lyapunov_v": 6498453779870.0,
    "throughput": 1.0,
    "utilization": 0.999999
  },
  "queue": {
    "max": 637301.0,
    "mean": 318677.73234125,
    "median": 9999.0,
    "min": 0.0,
    "std_dev": 184008.05693882058,
    "variance": 33858965018.400238
  },
  "scheduler_diag": {
    "avg_entropy": 1.5052171457257946,
    "avg_score_variance": 29.410118572617737,
    "context_switch_rate": 0.6897126897126897,
    "total_throughput": 0.999999
  },
  "stability": {
    "oscillation_frequency": 0.022,
    "time_to_steady_state": -1.0
  }
}