{
  "config": {
    "M": 10.0,
    "alpha": 0.1,
    "arrival_rate": 0.7,
    "beta": 0.1,
    "num_processes": 16,
    "scheduler": "maxweight",
    "seed": 42,
    "service_rate": 1.0,
    "ticks": 1000000,
    "workload": "poisson"
  },
  "fairness": {
    "jain_index": 0.9998164981610346,
    "max_starvation": 2198.0,
    "starvation_events": 32816
  },
  "latency": {
    "avg_turnaround": 455357.1935371935,
    "avg_waiting_time": 455356.1935371935,
    "max_waiting_time": 913312.0,
    "p50_waiting_time": 455400.0,
    "p95_waiting_time": 865100.0,
    "p99_waiting_time": 901500.0
  },
  "online": {
    "completed_jobs": 999999,
    "lyapunov_drift": 19117013.0,
    "lyapunov_v": 6497070908885.0,
    "throughput": 1.0,
    "utilization": 0.999999
  },
  "queue": {
    "max": 637232.0,
    "mean": 318680.124465,
    "median": 9999.0,
    "min": 0.0,
    "std_dev": 183964.88167055327,
    "variance": 33843077688.06067
  },
  "scheduler_diag": {
    "avg_entropy": 1.5046724453605709,
    "avg_score_variance": 28.71468564385181,
    "context_switch_rate": 0.6893676893676893,
    "total_throughput": 0.999999
  },
  "stability": {
    "oscillation_frequency": 0.02,
    "time_to_steady_state": -1.0
  }
}