{
  "config": {
    "M": 10.0,
    "alpha": 0.1,
    "arrival_rate": 0.4,
    "beta": 0.1,
    "num_processes": 16,
    "scheduler": "rr",
    "seed": 789,
    "service_rate": 1.0,
    "ticks": 1000000,
    "workload": "poisson"
  },
  "fairness": {
    "jain_index": 0.9999999999529998,
    "max_starvation": 24.0,
    "starvation_events": 0
  },
  "latency": {
    "avg_turnaround": 421659.6455476456,
    "avg_waiting_time": 421658.6455476456,
    "max_waiting_time": 844315.0,
    "p50_waiting_time": 421500.0,
    "p95_waiting_time": 801100.0,
    "p99_waiting_time": 834800.0
  },
  "online": {
    "completed_jobs": 999999,
    "lyapunov_drift": 5396536.0,
    "lyapunov_v": 1822343120632.0,
    "throughput": 1.0,
    "utilization": 0.999999
  },
  "queue": {
    "max": 338505.0,
    "mean": 168701.818425625,
    "median": 9999.0,
    "min": 0.0,
    "std_dev": 97465.98121395208,
    "variance": 9499617493.998459
  },
  "scheduler_diag": {
    "avg_entropy": 2.7211801935497983,
    "avg_score_variance": 0.0625,
    "context_switch_rate": 0.999998999999,
    "total_throughput": 0.999999
  },
  "stability": {
    "oscillation_frequency": 1.1340000000000001,
    "time_to_steady_state": -1.0
  }
}