{
  "config": {
    "M": 10.0,
    "alpha": 0.1,
    "arrival_rate": 0.5,
    "beta": 0.1,
    "num_processes": 16,
    "scheduler": "cmu",
    "seed": 456,
    "service_rate": 1.0,
    "ticks": 1000000,
    "workload": "uniform"
  },
  "fairness": {
    "jain_index": 0.09188016926026607,
    "max_starvation": 1000000.0,
    "starvation_events": 14
  },
  "latency": {
    "avg_turnaround": 75030.76304176304,
    "avg_waiting_time": 75029.76304176304,
    "max_waiting_time": 750085.0,
    "p50_waiting_time": 0.0,
    "p95_waiting_time": 564200.0,
    "p99_waiting_time": 713100.0
  },
  "online": {
    "completed_jobs": 999999,
    "lyapunov_drift": 17197454.0,
    "lyapunov_v": 9316356494772.0,
    "throughput": 1.0,
    "utilization": 0.999999
  },
  "queue": {
    "max": 800292.0,
    "mean": 368705.91806125,
    "median": 9999.0,
    "min": 0.0,
    "std_dev": 241185.73823396937,
    "variance": 58170560327.4648
  },
  "scheduler_diag": {
    "avg_entropy": 2.772588722264898,
    "avg_score_variance": 0.0,
    "context_switch_rate": 0.3996103996103996,
    "total_throughput": 0.999999
  },
  "stability": {
    "oscillation_frequency": 0.0,
    "time_to_steady_state": -1.0
  }
}