{
  "config": {
    "M": 10.0,
    "alpha": 0.1,
    "arrival_rate": 0.2,
    "beta": 0.1,
    "num_processes": 16,
    "scheduler": "embi_unclipped",
    "seed": 999,
    "service_rate": 1.0,
    "ticks": 1000000,
    "workload": "heavy_tail"
  },
  "fairness": {
    "jain_index": 0.9932460690315595,
    "max_starvation": 187414.0,
    "starvation_events": 18813
  },
  "latency": {
    "avg_turnaround": 406341.87227574456,
    "avg_waiting_time": 406340.87227574456,
    "max_waiting_time": 835443.0,
    "p50_waiting_time": 405700.0,
    "p95_waiting_time": 772700.0,
    "p99_waiting_time": 806900.0
  },
  "online": {
    "completed_jobs": 999998,
    "lyapunov_drift": 1628737.0,
    "lyapunov_v": 1180636299798.0,
    "throughput": 1.0,
    "utilization": 0.999998
  },
  "queue": {
    "max": 271983.0,
    "mean": 136386.805735625,
    "median": 9999.0,
    "min": 0.0,
    "std_dev": 78393.92560350479,
    "variance": 6145607571.527843
  },
  "scheduler_diag": {
    "avg_entropy": 1.169360281201423,
    "avg_score_variance": 5195060.848173189,
    "context_switch_rate": 0.8102786205572411,
    "total_throughput": 0.999998
  },
  "stability": {
    "oscillation_frequency": 1.596,
    "time_to_steady_state": -1.0
  }
}