{
  "config": {
    "M": 10.0,
    "alpha": 0.1,
    "arrival_rate": 0.9,
    "beta": 0.1,
    "num_processes": 16,
    "scheduler": "rr",
    "seed": 999,
    "service_rate": 1.0,
    "ticks": 1000000,
    "workload": "poisson"
  },
  "fairness": {
    "jain_index": 0.9999999999849999,
    "max_starvation": 16.0,
    "starvation_events": 0
  },
  "latency": {
    "avg_turnaround": 465373.5813815814,
    "avg_waiting_time": 465372.5813815814,
    "max_waiting_time": 931386.0,
    "p50_waiting_time": 465300.0,
    "p95_waiting_time": 884100.0,
    "p99_waiting_time": 921400.0
  },
  "online": {
    "completed_jobs": 999999,
    "lyapunov_drift": 23454706.0,
    "lyapunov_v": 11224057505709.0,
    "throughput": 1.0,
    "utilization": 0.999999
  },
  "queue": {
    "max": 839484.0,
    "mean": 418817.768075625,
    "median": 9999.0,
    "min": 0.0,
    "std_dev": 241763.33986625826,
    "variance": 58449512503.2879
  },
  "scheduler_diag": {
    "avg_entropy": 2.7211801935497983,
    "avg_score_variance": 0.0625,
    "context_switch_rate": 0.999998999999,
    "total_throughput": 0.999999
  },
  "stability": {
    "oscillation_frequency": 0.002,
    "time_to_steady_state": -1.0
  }
}