{
  "config": {
    "M": 10.0,
    "alpha": 0.1,
    "arrival_rate": 0.1,
    "beta": 0.1,
    "num_processes": 16,
    "scheduler": "maxweight",
    "seed": 789,
    "service_rate": 1.0,
    "ticks": 1000000,
    "workload": "heavy_tail"
  },
  "fairness": {
    "jain_index": 0.9813731273292182,
    "max_starvation": 440793.0,
    "starvation_events": 17628
  },
  "latency": {
    "avg_turnaround": 405192.3418906838,
    "avg_waiting_time": 405191.3418906838,
    "max_waiting_time": 900132.0,
    "p50_waiting_time": 402400.0,
    "p95_waiting_time": 772600.0,
    "p99_waiting_time": 813000.0
  },
  "online": {
    "completed_jobs": 999998,
    "lyapunov_drift": 1068494.0,
    "lyapunov_v": 1163256210359.0,
    "throughput": 1.0,
    "utilization": 0.999998
  },
  "queue": {
    "max": 270066.0,
    "mean": 134558.8441275,
    "median": 9999.0,
    "min": 0.0,
    "std_dev": 77695.626869012,
    "variance": 6036610434.568741
  },
  "scheduler_diag": {
    "avg_entropy": 1.6336247330095788,
    "avg_score_variance": 5455737.005807172,
    "context_switch_rate": 0.8592047184094368,
    "total_throughput": 0.999998
  },
  "stability": {
    "oscillation_frequency": 1.6620000000000001,
    "time_to_steady_state": -1.0
  }
}