{
  "config": {
    "M": 10.0,
    "alpha": 0.1,
    "arrival_rate": 0.1,
    "beta": 0.1,
    "num_processes": 16,
    "scheduler": "cmu",
    "seed": 42,
    "service_rate": 1.0,
    "ticks": 1000000,
    "workload": "poisson"
  },
  "fairness": {
    "jain_index": 0.6256441180688003,
    "max_starvation": 1000000.0,
    "starvation_events": 2160
  },
  "latency": {
    "avg_turnaround": 879.0495420495421,
    "avg_waiting_time": 878.0495420495421,
    "max_waiting_time": 206152.0,
    "p50_waiting_time": 0.0,
    "p95_waiting_time": 8500.0,
    "p99_waiting_time": 12600.0
  },
  "online": {
    "completed_jobs": 999999,
    "lyapunov_drift": 398238.0,
    "lyapunov_v": 59712476666.0,
    "throughput": 1.0,
    "utilization": 0.999999
  },
  "queue": {
    "max": 100364.0,
    "mean": 18750.68738625,
    "median": 1.0,
    "min": 0.0,
    "std_dev": 29868.278371132645,
    "variance": 892114052.8554702
  },
  "scheduler_diag": {
    "avg_entropy": 2.772588722264898,
    "avg_score_variance": 0.0,
    "context_switch_rate": 0.8003818003818004,
    "total_throughput": 0.999999
  },
  "stability": {
    "oscillation_frequency": 32.772000000000006,
    "time_to_steady_state": -1.0
  }
}