{
  "config": {
    "M": 10.0,
    "alpha": 0.1,
    "arrival_rate": 0.4,
    "beta": 0.1,
    "num_processes": 16,
    "scheduler": "cmu",
    "seed": 789,
    "service_rate": 1.0,
    "ticks": 1000000,
    "workload": "poisson"
  },
  "fairness": {
    "jain_index": 0.17352963470448166,
    "max_starvation": 1000000.0,
    "starvation_events": 288
  },
  "latency": {
    "avg_turnaround": 49707.374565374565,
    "avg_waiting_time": 49706.374565374565,
    "max_waiting_time": 500388.0,
    "p50_waiting_time": 0.0,
    "p95_waiting_time": 373600.0,
    "p99_waiting_time": 475300.0
  },
  "online": {
    "completed_jobs": 999999,
    "lyapunov_drift": 7197560.0,
    "lyapunov_v": 2119813211426.0,
    "throughput": 1.0,
    "utilization": 0.999999
  },
  "queue": {
    "max": 401004.0,
    "mean": 168701.818425625,
    "median": 9999.0,
    "min": 0.0,
    "std_dev": 125294.56634072505,
    "variance": 15698728354.510353
  },
  "scheduler_diag": {
    "avg_entropy": 2.772588722264898,
    "avg_score_variance": 0.0,
    "context_switch_rate": 0.5086815086815086,
    "total_throughput": 0.999999
  },
  "stability": {
    "oscillation_frequency": 0.28200000000000003,
    "time_to_steady_state": -1.0
  }
}