{
  "config": {
    "M": 10.0,
    "alpha": 0.1,
    "arrival_rate": 0.5,
    "beta": 0.1,
    "num_processes": 16,
    "scheduler": "rr",
    "seed": 999,
    "service_rate": 1.0,
    "ticks": 1000000,
    "workload": "poisson"
  },
  "fairness": {
    "jain_index": 0.9999999999849999,
    "max_starvation": 19.0,
    "starvation_events": 0
  },
  "latency": {
    "avg_turnaround": 437672.1051721052,
    "avg_waiting_time": 437671.1051721052,
    "max_waiting_time": 876362.0,
    "p50_waiting_time": 437600.0,
    "p95_waiting_time": 831400.0,
    "p99_waiting_time": 866500.0
  },
  "online": {
    "completed_jobs": 999999,
    "lyapunov_drift": 4376497.0,
    "lyapunov_v": 3063521341410.0,
    "throughput": 1.0,
    "utilization": 0.999999
  },
  "queue": {
    "max": 439148.0,
    "mean": 218819.530625625,
    "median": 9999.0,
    "min": 0.0,
    "std_dev": 126276.51109047046,
    "variance": 15945757253.18171
  },
  "scheduler_diag": {
    "avg_entropy": 2.7211801935497983,
    "avg_score_variance": 0.0625,
    "context_switch_rate": 0.999998999999,
    "total_throughput": 0.999999
  },
  "stability": {
    "oscillation_frequency": 0.28200000000000003,
    "time_to_steady_state": -1.0
  }
}