{
  "config": {
    "M": 10.0,
    "alpha": 0.1,
    "arrival_rate": 0.7,
    "beta": 0.1,
    "num_processes": 16,
    "scheduler": "fcfs",
    "seed": 42,
    "service_rate": 1.0,
    "ticks": 1000000,
    "workload": "poisson"
  },
  "fairness": {
    "jain_index": 0.10765588084269541,
    "max_starvation": 1000000.0,
    "starvation_events": 21
  },
  "latency": {
    "avg_turnaround": 85749.6209006209,
    "avg_waiting_time": 85748.6209006209,
    "max_waiting_time": 573069.0,
    "p50_waiting_time": 0.0,
    "p95_waiting_time": 478000.0,
    "p99_waiting_time": 553600.0
  },
  "online": {
    "completed_jobs": 999999,
    "lyapunov_drift": 20989869.0,
    "lyapunov_v": 7013841938637.0,
    "throughput": 1.0,
    "utilization": 0.999999
  },
  "queue": {
    "max": 700732.0,
    "mean": 318680.124465,
    "median": 9999.0,
    "min": 0.0,
    "std_dev": 211202.50118232289,
    "variance": 44606496505.6691
  },
  "scheduler_diag": {
    "avg_entropy": 2.469685308736317,
    "avg_score_variance": null,
    "context_switch_rate": 0.30106830106830107,
    "total_throughput": 0.999999
  },
  "stability": {
    "oscillation_frequency": 0.002,
    "time_to_steady_state": -1.0
  }
}