{
  "config": {
    "M": 10.0,
    "alpha": 0.1,
    "arrival_rate": 0.2,
    "beta": 0.1,
    "num_processes": 16,
    "scheduler": "cmu",
    "seed": 999,
    "service_rate": 1.0,
    "ticks": 1000000,
    "workload": "poisson"
  },
  "fairness": {
    "jain_index": 0.3126483726299973,
    "max_starvation": 1000000.0,
    "starvation_events": 349
  },
  "latency": {
    "avg_turnaround": 585.928257928258,
    "avg_waiting_time": 584.928257928258,
    "max_waiting_time": 652100.0,
    "p50_waiting_time": 0.0,
    "p95_waiting_time": 3900.0,
    "p99_waiting_time": 5900.0
  },
  "online": {
    "completed_jobs": 999999,
    "lyapunov_drift": 800796.0,
    "lyapunov_v": 440366942009.0,
    "throughput": 1.0,
    "utilization": 0.999999
  },
  "queue": {
    "max": 200931.0,
    "mean": 68853.57084625,
    "median": 9999.0,
    "min": 0.0,
    "std_dev": 66641.85971196776,
    "variance": 4441137465.869592
  },
  "scheduler_diag": {
    "avg_entropy": 2.772588722264898,
    "avg_score_variance": 0.0,
    "context_switch_rate": 0.6798126798126798,
    "total_throughput": 0.999999
  },
  "stability": {
    "oscillation_frequency": 7.896,
    "time_to_steady_state": -1.0
  }
}