{
  "config": {
    "M": 10.0,
    "alpha": 0.1,
    "arrival_rate": 0.2,
    "beta": 0.1,
    "num_processes": 16,
    "scheduler": "fcfs",
    "seed": 789,
    "service_rate": 1.0,
    "ticks": 1000000,
    "workload": "poisson"
  },
  "fairness": {
    "jain_index": 0.31334867850953724,
    "max_starvation": 1000000.0,
    "starvation_events": 387
  },
  "latency": {
    "avg_turnaround": 1108.6702616702617,
    "avg_waiting_time": 1107.6702616702617,
    "max_waiting_time": 355302.0,
    "p50_waiting_time": 0.0,
    "p95_waiting_time": 7900.0,
    "p99_waiting_time": 11700.0
  },
  "online": {
    "completed_jobs": 999999,
    "lyapunov_drift": 1199598.0,
    "lyapunov_v": 439173842831.0,
    "throughput": 1.0,
    "utilization": 0.999999
  },
  "queue": {
    "max": 201297.0,
    "mean": 68664.52492625,
    "median": 9999.0,
    "min": 0.0,
    "std_dev": 66497.20709083804,
    "variance": 4421878550.881801
  },
  "scheduler_diag": {
    "avg_entropy": 1.451109719220546,
    "avg_score_variance": null,
    "context_switch_rate": 0.6800376800376801,
    "total_throughput": 0.999999
  },
  "stability": {
    "oscillation_frequency": 8.012,
    "time_to_steady_state": -1.0
  }
}