{
  "config": {
    "M": 10.0,
    "alpha": 0.1,
    "arrival_rate": 0.5,
    "beta": 0.1,
    "num_processes": 16,
    "scheduler": "embi_unclipped",
    "seed": 123,
    "service_rate": 1.0,
    "ticks": 1000000,
    "workload": "poisson"
  },
  "fairness": {
    "jain_index": 0.9998996284836893,
    "max_starvation": 1608.0,
    "starvation_events": 32218
  },
  "latency": {
    "avg_turnaround": 437480.75394175394,
    "avg_waiting_time": 437479.75394175394,
    "max_waiting_time": 876303.0,
    "p50_waiting_time": 437400.0,
    "p95_waiting_time": 831300.0,
    "p99_waiting_time": 866300.0
  },
  "online": {
    "completed_jobs": 999999,
    "lyapunov_drift": 5249586.0,
    "lyapunov_v": 3062001270432.0,
    "throughput": 1.0,
    "utilization": 0.999999
  },
  "queue": {
    "max": 437464.0,
    "mean": 218842.413839375,
    "median": 9999.0,
    "min": 0.0,
    "std_dev": 126316.48803497443,
    "variance": 15955855149.489838
  },
  "scheduler_diag": {
    "avg_entropy": 1.0382922264738303,
    "avg_score_variance": 58.76349174528625,
    "context_switch_rate": 0.7078067078067078,
    "total_throughput": 0.999999
  },
  "stability": {
    "oscillation_frequency": 0.43,
    "time_to_steady_state": -1.0
  }
}