{
  "config": {
    "M": 10.0,
    "alpha": 0.1,
    "arrival_rate": 0.2,
    "beta": 0.1,
    "num_processes": 16,
    "scheduler": "maxweight",
    "seed": 456,
    "service_rate": 1.0,
    "ticks": 1000000,
    "workload": "poisson"
  },
  "fairness": {
    "jain_index": 0.9999662701752776,
    "max_starvation": 759.0,
    "starvation_events": 20190
  },
  "latency": {
    "avg_turnaround": 343495.9226299226,
    "avg_waiting_time": 343494.9226299226,
    "max_waiting_time": 689452.0,
    "p50_waiting_time": 343300.0,
    "p95_waiting_time": 652600.0,
    "p99_waiting_time": 680100.0
  },
  "online": {
    "completed_jobs": 999999,
    "lyapunov_drift": -274959.0,
    "lyapunov_v": 302408981859.0,
    "throughput": 1.0,
    "utilization": 0.999999
  },
  "queue": {
    "max": 137478.0,
    "mean": 68705.932599375,
    "median": 9999.0,
    "min": 0.0,
    "std_dev": 39712.080698039426,
    "variance": 1577049353.3675957
  },
  "scheduler_diag": {
    "avg_entropy": 2.275174050123042,
    "avg_score_variance": 2.1439994814996317,
    "context_switch_rate": 0.8523038523038523,
    "total_throughput": 0.999999
  },
  "stability": {
    "oscillation_frequency": 17.363,
    "time_to_steady_state": -1.0
  }
}