{
  "config": {
    "M": 10.0,
    "alpha": 0.1,
    "arrival_rate": 0.3,
    "beta": 0.1,
    "num_processes": 16,
    "scheduler": "maxweight",
    "seed": 123,
    "service_rate": 1.0,
    "ticks": 1000000,
    "workload": "heavy_tail"
  },
  "fairness": {
    "jain_index": 0.9956197996263797,
    "max_starvation": 153677.0,
    "starvation_events": 18757
  },
  "latency": {
    "avg_turnaround": 406794.0413790828,
    "avg_waiting_time": 406793.0413790828,
    "max_waiting_time": 828674.0,
    "p50_waiting_time": 407600.0,
    "p95_waiting_time": 771400.0,
    "p99_waiting_time": 806000.0
  },
  "online": {
    "completed_jobs": 999998,
    "lyapunov_drift": 4369330.0,
    "lyapunov_v": 1193123676750.0,
    "throughput": 1.0,
    "utilization": 0.999998
  },
  "queue": {
    "max": 273096.0,
    "mean": 136080.37024625,
    "median": 9999.0,
    "min": 0.0,
    "std_dev": 78680.82497860721,
    "variance": 6190672219.31422
  },
  "scheduler_diag": {
    "avg_entropy": 1.6482666533293013,
    "avg_score_variance": 291643.8778023591,
    "context_switch_rate": 0.8606147212294425,
    "total_throughput": 0.999998
  },
  "stability": {
    "oscillation_frequency": 1.538,
    "time_to_steady_state": -1.0
  }
}