{
  "config": {
    "M": 10.0,
    "alpha": 0.1,
    "arrival_rate": 0.1,
    "beta": 0.1,
    "num_processes": 16,
    "scheduler": "rr",
    "seed": 42,
    "service_rate": 1.0,
    "ticks": 1000000,
    "workload": "heavy_tail"
  },
  "fairness": {
    "jain_index": 0.9999999788839161,
    "max_starvation": 570.0,
    "starvation_events": 0
  },
  "latency": {
    "avg_turnaround": 405829.9848879698,
    "avg_waiting_time": 405828.9848879698,
    "max_waiting_time": 819897.0,
    "p50_waiting_time": 406200.0,
    "p95_waiting_time": 771200.0,
    "p99_waiting_time": 804200.0
  },
  "online": {
    "completed_jobs": 999998,
    "lyapunov_drift": 4917609.0,
    "lyapunov_v": 1190435773841.0,
    "throughput": 1.0,
    "utilization": 0.999998
  },
  "queue": {
    "max": 278109.0,
    "mean": 135853.7318275,
    "median": 9999.0,
    "min": 0.0,
    "std_dev": 78779.66412205333,
    "variance": 6206235479.183537
  },
  "scheduler_diag": {
    "avg_entropy": 2.7211801935497983,
    "avg_score_variance": 0.0625,
    "context_switch_rate": 0.999998999998,
    "total_throughput": 0.999998
  },
  "stability": {
    "oscillation_frequency": 1.302,
    "time_to_steady_state": -1.0
  }
}