{
  "config": {
    "M": 10.0,
    "alpha": 0.1,
    "arrival_rate": 0.7,
    "beta": 0.1,
    "num_processes": 16,
    "scheduler": "rr",
    "seed": 456,
    "service_rate": 1.0,
    "ticks": 1000000,
    "workload": "poisson"
  },
  "fairness": {
    "jain_index": 0.9999999999849999,
    "max_starvation": 19.0,
    "starvation_events": 0
  },
  "latency": {
    "avg_turnaround": 455284.81769481767,
    "avg_waiting_time": 455283.81769481767,
    "max_waiting_time": 911477.0,
    "p50_waiting_time": 455200.0,
    "p95_waiting_time": 865000.0,
    "p99_waiting_time": 901400.0
  },
  "online": {
    "completed_jobs": 999999,
    "lyapunov_drift": 19110309.0,
    "lyapunov_v": 6498463802226.0,
    "throughput": 1.0,
    "utilization": 0.999999
  },
  "queue": {
    "max": 638340.0,
    "mean": 318677.73234125,
    "median": 9999.0,
    "min": 0.0,
    "std_dev": 184008.98856714834,
    "variance": 33859307873.50493
  },
  "scheduler_diag": {
    "avg_entropy": 2.7211801935497983,
    "avg_score_variance": 0.0625,
    "context_switch_rate": 0.999998999999,
    "total_throughput": 0.999999
  },
  "stability": {
    "oscillation_frequency": 0.018000000000000002,
    "time_to_steady_state": -1.0
  }
}