{
  "config": {
    "M": 10.0,
    "alpha": 0.1,
    "arrival_rate": 0.8,
    "beta": 0.1,
    "num_processes": 16,
    "scheduler": "embi",
    "seed": 789,
    "service_rate": 1.0,
    "ticks": 1000000,
    "workload": "poisson"
  },
  "fairness": {
    "jain_index": 0.9998116188143248,
    "max_starvation": 3497.0,
    "starvation_events": 33459
  },
  "latency": {
    "avg_turnaround": 460824.7276067276,
    "avg_waiting_time": 460823.7276067276,
    "max_waiting_time": 923038.0,
    "p50_waiting_time": 460800.0,
    "p95_waiting_time": 875700.0,
    "p99_waiting_time": 912500.0
  },
  "online": {
    "completed_jobs": 999999,
    "lyapunov_drift": 17695596.0,
    "lyapunov_v": 8698218603317.0,
    "throughput": 1.0,
    "utilization": 0.999999
  },
  "queue": {
    "max": 737319.0,
    "mean": 368642.421183125,
    "median": 9999.0,
    "min": 0.0,
    "std_dev": 212850.84693513258,
    "variance": 45305483041.003235
  },
  "scheduler_diag": {
    "avg_entropy": 0.7974340543452754,
    "avg_score_variance": 152.0099630754313,
    "context_switch_rate": 0.6397896397896398,
    "total_throughput": 0.999999
  },
  "stability": {
    "oscillation_frequency": 0.004,
    "time_to_steady_state": -1.0
  }
}