{
  "config": {
    "M": 10.0,
    "alpha": 0.1,
    "arrival_rate": 0.2,
    "beta": 0.1,
    "num_processes": 16,
    "scheduler": "fcfs",
    "seed": 42,
    "service_rate": 1.0,
    "ticks": 1000000,
    "workload": "poisson"
  },
  "fairness": {
    "jain_index": 0.31304857621371757,
    "max_starvation": 1000000.0,
    "starvation_events": 367
  },
  "latency": {
    "avg_turnaround": 735.3878343878343,
    "avg_waiting_time": 734.3878343878343,
    "max_waiting_time": 744129.0,
    "p50_waiting_time": 0.0,
    "p95_waiting_time": 1800.0,
    "p99_waiting_time": 2600.0
  },
  "online": {
    "completed_jobs": 999999,
    "lyapunov_drift": 1199510.0,
    "lyapunov_v": 440111494877.0,
    "throughput": 1.0,
    "utilization": 0.999999
  },
  "queue": {
    "max": 200603.0,
    "mean": 68742.86747,
    "median": 9999.0,
    "min": 0.0,
    "std_dev": 66603.80651286426,
    "variance": 4436067042.003059
  },
  "scheduler_diag": {
    "avg_entropy": 1.3032768493481162,
    "avg_score_variance": null,
    "context_switch_rate": 0.6808706808706809,
    "total_throughput": 0.999999
  },
  "stability": {
    "oscillation_frequency": 7.752,
    "time_to_steady_state": -1.0
  }
}