{
  "config": {
    "M": 10.0,
    "alpha": 0.1,
    "arrival_rate": 0.7,
    "beta": 0.1,
    "num_processes": 16,
    "scheduler": "fcfs",
    "seed": 456,
    "service_rate": 1.0,
    "ticks": 1000000,
    "workload": "poisson"
  },
  "fairness": {
    "jain_index": 0.1077009707863584,
    "max_starvation": 1000000.0,
    "starvation_events": 26
  },
  "latency": {
    "avg_turnaround": 85111.73084873085,
    "avg_waiting_time": 85110.73084873085,
    "max_waiting_time": 571907.0,
    "p50_waiting_time": 0.0,
    "p95_waiting_time": 475900.0,
    "p99_waiting_time": 552700.0
  },
  "online": {
    "completed_jobs": 999999,
    "lyapunov_drift": 18384857.0,
    "lyapunov_v": 7015873352820.0,
    "throughput": 1.0,
    "utilization": 0.999999
  },
  "queue": {
    "max": 700840.0,
    "mean": 318677.73234125,
    "median": 9999.0,
    "min": 0.0,
    "std_dev": 211296.1036668049,
    "variance": 44646043424.77316
  },
  "scheduler_diag": {
    "avg_entropy": 2.5867920741191797,
    "avg_score_variance": null,
    "context_switch_rate": 0.30185830185830187,
    "total_throughput": 0.999999
  },
  "stability": {
    "oscillation_frequency": 0.004,
    "time_to_steady_state": -1.0
  }
}