{
  "config": {
    "M": 10.0,
    "alpha": 0.1,
    "arrival_rate": 0.1,
    "beta": 0.1,
    "num_processes": 16,
    "scheduler": "cmu",
    "seed": 123,
    "service_rate": 1.0,
    "ticks": 1000000,
    "workload": "poisson"
  },
  "fairness": {
    "jain_index": 0.625844264137623,
    "max_starvation": 1000000.0,
    "starvation_events": 2150
  },
  "latency": {
    "avg_turnaround": 395.7808245616491,
    "avg_waiting_time": 394.7808245616491,
    "max_waiting_time": 814937.0,
    "p50_waiting_time": 0.0,
    "p95_waiting_time": 2600.0,
    "p99_waiting_time": 5500.0
  },
  "online": {
    "completed_jobs": 999998,
    "lyapunov_drift": 200980.0,
    "lyapunov_v": 59976589833.0,
    "throughput": 1.0,
    "utilization": 0.999998
  },
  "queue": {
    "max": 100492.0,
    "mean": 18750.3139775,
    "median": 1.0,
    "min": 0.0,
    "std_dev": 29949.138978374976,
    "variance": 896950925.5460194
  },
  "scheduler_diag": {
    "avg_entropy": 2.772588722264898,
    "avg_score_variance": 0.0,
    "context_switch_rate": 0.8003176006352013,
    "total_throughput": 0.999998
  },
  "stability": {
    "oscillation_frequency": 32.364,
    "time_to_steady_state": -1.0
  }
}