{
  "config": {
    "M": 10.0,
    "alpha": 0.1,
    "arrival_rate": 0.8,
    "beta": 0.1,
    "num_processes": 16,
    "scheduler": "rr",
    "seed": 42,
    "service_rate": 1.0,
    "ticks": 1000000,
    "workload": "bursty"
  },
  "fairness": {
    "jain_index": 0.9999999991849983,
    "max_starvation": 72.0,
    "starvation_events": 0
  },
  "latency": {
    "avg_turnaround": 313327.0264190264,
    "avg_waiting_time": 313326.0264190264,
    "max_waiting_time": 634814.0,
    "p50_waiting_time": 313000.0,
    "p95_waiting_time": 596500.0,
    "p99_waiting_time": 621700.0
  },
  "online": {
    "completed_jobs": 999999,
    "lyapunov_drift": 422094.0,
    "lyapunov_v": 177471170208.0,
    "throughput": 1.0,
    "utilization": 0.999999
  },
  "queue": {
    "max": 106779.0,
    "mean": 52611.395810625,
    "median": 9999.0,
    "min": 0.0,
    "std_dev": 30448.886181111,
    "variance": 927134669.6702523
  },
  "scheduler_diag": {
    "avg_entropy": 2.7211801935497983,
    "avg_score_variance": 0.0625,
    "context_switch_rate": 0.999998999999,
    "total_throughput": 0.999999
  },
  "stability": {
    "oscillation_frequency": 35.948,
    "time_to_steady_state": -1.0
  }
}