{
  "config": {
    "M": 10.0,
    "alpha": 0.1,
    "arrival_rate": 0.7,
    "beta": 0.1,
    "num_processes": 16,
    "scheduler": "fcfs",
    "seed": 789,
    "service_rate": 1.0,
    "ticks": 1000000,
    "workload": "poisson"
  },
  "fairness": {
    "jain_index": 0.10804978364536426,
    "max_starvation": 1000000.0,
    "starvation_events": 19
  },
  "latency": {
    "avg_turnaround": 85996.88368988369,
    "avg_waiting_time": 85995.88368988369,
    "max_waiting_time": 570102.0,
    "p50_waiting_time": 0.0,
    "p95_waiting_time": 475000.0,
    "p99_waiting_time": 551000.0
  },
  "online": {
    "completed_jobs": 999999,
    "lyapunov_drift": 17597149.0,
    "lyapunov_v": 7017664118024.0,
    "throughput": 1.0,
    "utilization": 0.999999
  },
  "queue": {
    "max": 701332.0,
    "mean": 318650.775885625,
    "median": 9999.0,
    "min": 0.0,
    "std_dev": 211268.8891792907,
    "variance": 44634543535.05142
  },
  "scheduler_diag": {
    "avg_entropy": 2.4850599475224473,
    "avg_score_variance": null,
    "context_switch_rate": 0.30336230336230335,
    "total_throughput": 0.999999
  },
  "stability": {
    "oscillation_frequency": 0.004,
    "time_to_steady_state": -1.0
  }
}