{
  "config": {
    "M": 10.0,
    "alpha": 0.1,
    "arrival_rate": 0.4,
    "beta": 0.1,
    "num_processes": 16,
    "scheduler": "maxweight",
    "seed": 456,
    "service_rate": 1.0,
    "ticks": 1000000,
    "workload": "uniform"
  },
  "fairness": {
    "jain_index": 0.9999739533473516,
    "max_starvation": 429.0,
    "starvation_events": 8022
  },
  "latency": {
    "avg_turnaround": 460913.61314061313,
    "avg_waiting_time": 460912.61314061313,
    "max_waiting_time": 922347.0,
    "p50_waiting_time": 460800.0,
    "p95_waiting_time": 875700.0,
    "p99_waiting_time": 912600.0
  },
  "online": {
    "completed_jobs": 999999,
    "lyapunov_drift": 17696828.0,
    "lyapunov_v": 8699390977736.0,
    "throughput": 1.0,
    "utilization": 0.999999
  },
  "queue": {
    "max": 737363.0,
    "mean": 368705.91806125,
    "median": 9999.0,
    "min": 0.0,
    "std_dev": 212873.89982910364,
    "variance": 45315297228.45125
  },
  "scheduler_diag": {
    "avg_entropy": 2.4656810931081123,
    "avg_score_variance": 0.8743365660044141,
    "context_switch_rate": 0.95007495007495,
    "total_throughput": 0.999999
  },
  "stability": {
    "oscillation_frequency": 0.0,
    "time_to_steady_state": -1.0
  }
}