{
  "config": {
    "M": 10.0,
    "alpha": 0.1,
    "arrival_rate": 0.6,
    "beta": 0.1,
    "num_processes": 16,
    "scheduler": "maxweight",
    "seed": 42,
    "service_rate": 1.0,
    "ticks": 1000000,
    "workload": "poisson"
  },
  "fairness": {
    "jain_index": 0.9998654077532905,
    "max_starvation": 2071.0,
    "starvation_events": 32307
  },
  "latency": {
    "avg_turnaround": 447919.1082611083,
    "avg_waiting_time": 447918.1082611083,
    "max_waiting_time": 898142.0,
    "p50_waiting_time": 447900.0,
    "p95_waiting_time": 850900.0,
    "p99_waiting_time": 886700.0
  },
  "online": {
    "completed_jobs": 999999,
    "lyapunov_drift": 9672407.0,
    "lyapunov_v": 4620019233084.0,
    "throughput": 1.0,
    "utilization": 0.999999
  },
  "queue": {
    "max": 537355.0,
    "mean": 268706.3720625,
    "median": 9999.0,
    "min": 0.0,
    "std_dev": 155126.88617153093,
    "variance": 24064350813.275116
  },
  "scheduler_diag": {
    "avg_entropy": 1.611340507555996,
    "avg_score_variance": 20.84239538822889,
    "context_switch_rate": 0.7134217134217135,
    "total_throughput": 0.999999
  },
  "stability": {
    "oscillation_frequency": 0.122,
    "time_to_steady_state": -1.0
  }
}