{
  "config": {
    "M": 10.0,
    "alpha": 0.1,
    "arrival_rate": 0.4,
    "beta": 0.1,
    "num_processes": 16,
    "scheduler": "maxweight",
    "seed": 456,
    "service_rate": 1.0,
    "ticks": 1000000,
    "workload": "poisson"
  },
  "fairness": {
    "jain_index": 0.9998461008377525,
    "max_starvation": 1484.0,
    "starvation_events": 29555
  },
  "latency": {
    "avg_turnaround": 421742.4291114291,
    "avg_waiting_time": 421741.4291114291,
    "max_waiting_time": 847145.0,
    "p50_waiting_time": 421600.0,
    "p95_waiting_time": 801200.0,
    "p99_waiting_time": 835000.0
  },
  "online": {
    "completed_jobs": 999999,
    "lyapunov_drift": 6073685.0,
    "lyapunov_v": 1821711010447.0,
    "throughput": 1.0,
    "utilization": 0.999999
  },
  "queue": {
    "max": 337424.0,
    "mean": 168698.1439725,
    "median": 9999.0,
    "min": 0.0,
    "std_dev": 97422.43022905105,
    "variance": 9491129911.734322
  },
  "scheduler_diag": {
    "avg_entropy": 1.8838786718581964,
    "avg_score_variance": 9.021900559400164,
    "context_switch_rate": 0.7714387714387715,
    "total_throughput": 0.999999
  },
  "stability": {
    "oscillation_frequency": 1.646,
    "time_to_steady_state": -1.0
  }
}