{
  "config": {
    "M": 10.0,
    "alpha": 0.1,
    "arrival_rate": 0.4,
    "beta": 0.1,
    "num_processes": 16,
    "scheduler": "cmu",
    "seed": 789,
    "service_rate": 1.0,
    "ticks": 1000000,
    "workload": "uniform"
  },
  "fairness": {
    "jain_index": 0.09193207206799384,
    "max_starvation": 1000000.0,
    "starvation_events": 14
  },
  "latency": {
    "avg_turnaround": 74993.74024974025,
    "avg_waiting_time": 74992.74024974025,
    "max_waiting_time": 749950.0,
    "p50_waiting_time": 0.0,
    "p95_waiting_time": 561800.0,
    "p99_waiting_time": 712200.0
  },
  "online": {
    "completed_jobs": 999999,
    "lyapunov_drift": 15998614.0,
    "lyapunov_v": 9317218240152.0,
    "throughput": 1.0,
    "utilization": 0.999999
  },
  "queue": {
    "max": 800489.0,
    "mean": 368681.20273875,
    "median": 9999.0,
    "min": 0.0,
    "std_dev": 241184.05523190214,
    "variance": 58169748498.105225
  },
  "scheduler_diag": {
    "avg_entropy": 2.772588722264898,
    "avg_score_variance": 0.0,
    "context_switch_rate": 0.40024940024940026,
    "total_throughput": 0.999999
  },
  "stability": {
    "oscillation_frequency": 0.0,
    "time_to_steady_state": -1.0
  }
}