{
  "config": {
    "M": 10.0,
    "alpha": 0.1,
    "arrival_rate": 0.3,
    "beta": 0.1,
    "num_processes": 16,
    "scheduler": "cmu",
    "seed": 456,
    "service_rate": 1.0,
    "ticks": 1000000,
    "workload": "poisson"
  },
  "fairness": {
    "jain_index": 0.2236377378041826,
    "max_starvation": 1000000.0,
    "starvation_events": 1729
  },
  "latency": {
    "avg_turnaround": 33223.02704602705,
    "avg_waiting_time": 33222.02704602705,
    "max_waiting_time": 661092.0,
    "p50_waiting_time": 0.0,
    "p95_waiting_time": 334000.0,
    "p99_waiting_time": 594200.0
  },
  "online": {
    "completed_jobs": 999999,
    "lyapunov_drift": 2402650.0,
    "lyapunov_v": 1119896872635.0,
    "throughput": 1.0,
    "utilization": 0.999999
  },
  "queue": {
    "max": 300848.0,
    "mean": 118706.667850625,
    "median": 9999.0,
    "min": 0.0,
    "std_dev": 96117.34542805271,
    "variance": 9238544092.135605
  },
  "scheduler_diag": {
    "avg_entropy": 2.772588722264898,
    "avg_score_variance": 0.0,
    "context_switch_rate": 0.5925895925895925,
    "total_throughput": 0.999999
  },
  "stability": {
    "oscillation_frequency": 1.632,
    "time_to_steady_state": -1.0
  }
}