{
  "config": {
    "M": 10.0,
    "alpha": 0.1,
    "arrival_rate": 0.6,
    "beta": 0.1,
    "num_processes": 16,
    "scheduler": "maxweight",
    "seed": 456,
    "service_rate": 1.0,
    "ticks": 1000000,
    "workload": "poisson"
  },
  "fairness": {
    "jain_index": 0.9997938434578854,
    "max_starvation": 2053.0,
    "starvation_events": 32316
  },
  "latency": {
    "avg_turnaround": 447824.6243066243,
    "avg_waiting_time": 447823.6243066243,
    "max_waiting_time": 898690.0,
    "p50_waiting_time": 447800.0,
    "p95_waiting_time": 850900.0,
    "p99_waiting_time": 886800.0
  },
  "online": {
    "completed_jobs": 999999,
    "lyapunov_drift": 17196304.0,
    "lyapunov_v": 4620511464048.0,
    "throughput": 1.0,
    "utilization": 0.999999
  },
  "queue": {
    "max": 537383.0,
    "mean": 268686.0740175,
    "median": 9999.0,
    "min": 0.0,
    "std_dev": 155149.2861188859,
    "variance": 24071300983.19992
  },
  "scheduler_diag": {
    "avg_entropy": 1.6097873578534436,
    "avg_score_variance": 21.338092950593136,
    "context_switch_rate": 0.7136097136097136,
    "total_throughput": 0.999999
  },
  "stability": {
    "oscillation_frequency": 0.092,
    "time_to_steady_state": -1.0
  }
}