{
  "config": {
    "M": 10.0,
    "alpha": 0.1,
    "arrival_rate": 0.8,
    "beta": 0.1,
    "num_processes": 16,
    "scheduler": "cmu",
    "seed": 789,
    "service_rate": 1.0,
    "ticks": 1000000,
    "workload": "poisson"
  },
  "fairness": {
    "jain_index": 0.09199571169391359,
    "max_starvation": 1000000.0,
    "starvation_events": 297
  },
  "latency": {
    "avg_turnaround": 74968.99178599179,
    "avg_waiting_time": 74967.99178599179,
    "max_waiting_time": 748180.0,
    "p50_waiting_time": 0.0,
    "p95_waiting_time": 560400.0,
    "p99_waiting_time": 711600.0
  },
  "online": {
    "completed_jobs": 999999,
    "lyapunov_drift": 15609942.0,
    "lyapunov_v": 9316196647511.0,
    "throughput": 1.0,
    "utilization": 0.999999
  },
  "queue": {
    "max": 801277.0,
    "mean": 368642.421183125,
    "median": 9999.0,
    "min": 0.0,
    "std_dev": 241209.18854342288,
    "variance": 58181872637.77652
  },
  "scheduler_diag": {
    "avg_entropy": 2.772588722264898,
    "avg_score_variance": 0.0,
    "context_switch_rate": 0.22036922036922038,
    "total_throughput": 0.999999
  },
  "stability": {
    "oscillation_frequency": 0.0,
    "time_to_steady_state": -1.0
  }
}