{
  "config": {
    "M": 10.0,
    "alpha": 0.1,
    "arrival_rate": 0.2,
    "beta": 0.1,
    "num_processes": 16,
    "scheduler": "cmu",
    "seed": 789,
    "service_rate": 1.0,
    "ticks": 1000000,
    "workload": "poisson"
  },
  "fairness": {
    "jain_index": 0.3136563070992126,
    "max_starvation": 1000000.0,
    "starvation_events": 397
  },
  "latency": {
    "avg_turnaround": 614.8803108803108,
    "avg_waiting_time": 613.8803108803108,
    "max_waiting_time": 664806.0,
    "p50_waiting_time": 0.0,
    "p95_waiting_time": 2200.0,
    "p99_waiting_time": 3300.0
  },
  "online": {
    "completed_jobs": 999999,
    "lyapunov_drift": 1202716.0,
    "lyapunov_v": 439779059067.0,
    "throughput": 1.0,
    "utilization": 0.999999
  },
  "queue": {
    "max": 201297.0,
    "mean": 68664.52492625,
    "median": 9999.0,
    "min": 0.0,
    "std_dev": 66586.22463550206,
    "variance": 4433725311.209542
  },
  "scheduler_diag": {
    "avg_entropy": 2.772588722264898,
    "avg_score_variance": 0.0,
    "context_switch_rate": 0.6811336811336811,
    "total_throughput": 0.999999
  },
  "stability": {
    "oscillation_frequency": 8.002,
    "time_to_steady_state": -1.0
  }
}