{
  "config": {
    "M": 10.0,
    "alpha": 0.1,
    "arrival_rate": 0.1,
    "beta": 0.1,
    "num_processes": 16,
    "scheduler": "embi_unclipped",
    "seed": 123,
    "service_rate": 1.0,
    "ticks": 1000000,
    "workload": "poisson"
  },
  "fairness": {
    "jain_index": 0.999984145439952,
    "max_starvation": 383.0,
    "starvation_events": 9176
  },
  "latency": {
    "avg_turnaround": 187429.95269690538,
    "avg_waiting_time": 187428.95269690538,
    "max_waiting_time": 379930.0,
    "p50_waiting_time": 187400.0,
    "p95_waiting_time": 356000.0,
    "p99_waiting_time": 371200.0
  },
  "online": {
    "completed_jobs": 999998,
    "lyapunov_drift": 0.0,
    "lyapunov_v": 22524831853.0,
    "throughput": 1.0,
    "utilization": 0.999998
  },
  "queue": {
    "max": 37522.0,
    "mean": 18750.3139775,
    "median": 9999.0,
    "min": 0.0,
    "std_dev": 10833.955437312328,
    "variance": 117374590.41766936
  },
  "scheduler_diag": {
    "avg_entropy": 2.0056114632171105,
    "avg_score_variance": 2.15065599634887,
    "context_switch_rate": 0.8862377724755449,
    "total_throughput": 0.999998
  },
  "stability": {
    "oscillation_frequency": 38.774,
    "time_to_steady_state": -1.0
  }
}