{
  "config": {
    "M": 10.0,
    "alpha": 0.1,
    "arrival_rate": 0.5,
    "beta": 0.1,
    "num_processes": 16,
    "scheduler": "rr",
    "seed": 789,
    "service_rate": 1.0,
    "ticks": 1000000,
    "workload": "poisson"
  },
  "fairness": {
    "jain_index": 0.9999999999529998,
    "max_starvation": 17.0,
    "starvation_events": 0
  },
  "latency": {
    "avg_turnaround": 437327.55995856,
    "avg_waiting_time": 437326.55995856,
    "max_waiting_time": 875519.0,
    "p50_waiting_time": 437200.0,
    "p95_waiting_time": 830900.0,
    "p99_waiting_time": 865900.0
  },
  "online": {
    "completed_jobs": 999999,
    "lyapunov_drift": 8758036.0,
    "lyapunov_v": 3059445449849.0,
    "throughput": 1.0,
    "utilization": 0.999999
  },
  "queue": {
    "max": 438349.0,
    "mean": 218695.3187075,
    "median": 9999.0,
    "min": 0.0,
    "std_dev": 126309.43213482654,
    "variance": 15954072646.222351
  },
  "scheduler_diag": {
    "avg_entropy": 2.7211801935497983,
    "avg_score_variance": 0.0625,
    "context_switch_rate": 0.999998999999,
    "total_throughput": 0.999999
  },
  "stability": {
    "oscillation_frequency": 0.352,
    "time_to_steady_state": -1.0
  }
}