{
  "config": {
    "M": 10.0,
    "alpha": 0.1,
    "arrival_rate": 0.9,
    "beta": 0.1,
    "num_processes": 16,
    "scheduler": "rr",
    "seed": 789,
    "service_rate": 1.0,
    "ticks": 1000000,
    "workload": "poisson"
  },
  "fairness": {
    "jain_index": 0.9999999999529998,
    "max_starvation": 17.0,
    "starvation_events": 0
  },
  "latency": {
    "avg_turnaround": 465182.2607092607,
    "avg_waiting_time": 465181.2607092607,
    "max_waiting_time": 930796.0,
    "p50_waiting_time": 465100.0,
    "p95_waiting_time": 883800.0,
    "p99_waiting_time": 921000.0
  },
  "online": {
    "completed_jobs": 999999,
    "lyapunov_drift": 25120139.0,
    "lyapunov_v": 11218436674712.0,
    "throughput": 1.0,
    "utilization": 0.999999
  },
  "queue": {
    "max": 839354.0,
    "mean": 418633.959448125,
    "median": 9999.0,
    "min": 0.0,
    "std_dev": 241717.15167853967,
    "variance": 58427181415.58615
  },
  "scheduler_diag": {
    "avg_entropy": 2.7211801935497983,
    "avg_score_variance": 0.0625,
    "context_switch_rate": 0.999998999999,
    "total_throughput": 0.999999
  },
  "stability": {
    "oscillation_frequency": 0.0,
    "time_to_steady_state": -1.0
  }
}