{
  "config": {
    "M": 10.0,
    "alpha": 0.1,
    "arrival_rate": 0.7,
    "beta": 0.1,
    "num_processes": 16,
    "scheduler": "embi",
    "seed": 42,
    "service_rate": 1.0,
    "ticks": 1000000,
    "workload": "poisson"
  },
  "fairness": {
    "jain_index": 0.9998164581436463,
    "max_starvation": 2194.0,
    "starvation_events": 33373
  },
  "latency": {
    "avg_turnaround": 455357.19186319184,
    "avg_waiting_time": 455356.19186319184,
    "max_waiting_time": 913315.0,
    "p50_waiting_time": 455400.0,
    "p95_waiting_time": 865100.0,
    "p99_waiting_time": 901500.0
  },
  "online": {
    "completed_jobs": 999999,
    "lyapunov_drift": 19117021.0,
    "lyapunov_v": 6497070908925.0,
    "throughput": 1.0,
    "utilization": 0.999999
  },
  "queue": {
    "max": 637232.0,
    "mean": 318680.124465,
    "median": 9999.0,
    "min": 0.0,
    "std_dev": 183964.88167052358,
    "variance": 33843077688.049744
  },
  "scheduler_diag": {
    "avg_entropy": 0.8616409026939638,
    "avg_score_variance": 116.13637611040076,
    "context_switch_rate": 0.6594326594326594,
    "total_throughput": 0.999999
  },
  "stability": {
    "oscillation_frequency": 0.022,
    "time_to_steady_state": -1.0
  }
}