{
  "config": {
    "M": 10.0,
    "alpha": 0.1,
    "arrival_rate": 0.3,
    "beta": 0.1,
    "num_processes": 16,
    "scheduler": "rr",
    "seed": 999,
    "service_rate": 1.0,
    "ticks": 1000000,
    "workload": "poisson"
  },
  "fairness": {
    "jain_index": 0.9999999999849999,
    "max_starvation": 19.0,
    "starvation_events": 0
  },
  "latency": {
    "avg_turnaround": 396120.3044753045,
    "avg_waiting_time": 396119.3044753045,
    "max_waiting_time": 793746.0,
    "p50_waiting_time": 396100.0,
    "p95_waiting_time": 752500.0,
    "p99_waiting_time": 784200.0
  },
  "online": {
    "completed_jobs": 999999,
    "lyapunov_drift": 1428937.0,
    "lyapunov_v": 903024565169.0,
    "throughput": 1.0,
    "utilization": 0.999999
  },
  "queue": {
    "max": 238604.0,
    "mean": 118840.720085625,
    "median": 9999.0,
    "min": 0.0,
    "std_dev": 68551.33307223387,
    "variance": 4699285265.980345
  },
  "scheduler_diag": {
    "avg_entropy": 2.7211801935497983,
    "avg_score_variance": 0.0625,
    "context_switch_rate": 0.999998999999,
    "total_throughput": 0.999999
  },
  "stability": {
    "oscillation_frequency": 4.774,
    "time_to_steady_state": -1.0
  }
}