{
  "config": {
    "M": 10.0,
    "alpha": 0.1,
    "arrival_rate": 0.4,
    "beta": 0.1,
    "num_processes": 16,
    "scheduler": "fcfs",
    "seed": 42,
    "service_rate": 1.0,
    "ticks": 1000000,
    "workload": "poisson"
  },
  "fairness": {
    "jain_index": 0.17366406959813188,
    "max_starvation": 1000000.0,
    "starvation_events": 297
  },
  "latency": {
    "avg_turnaround": 50209.57470957471,
    "avg_waiting_time": 50208.57470957471,
    "max_waiting_time": 499459.0,
    "p50_waiting_time": 0.0,
    "p95_waiting_time": 375500.0,
    "p99_waiting_time": 474100.0
  },
  "online": {
    "completed_jobs": 999999,
    "lyapunov_drift": 2799645.0,
    "lyapunov_v": 2120043459233.0,
    "throughput": 1.0,
    "utilization": 0.999999
  },
  "queue": {
    "max": 400846.0,
    "mean": 168734.3401925,
    "median": 9999.0,
    "min": 0.0,
    "std_dev": 125248.10153808506,
    "variance": 15687086938.894466
  },
  "scheduler_diag": {
    "avg_entropy": 2.116087246705523,
    "avg_score_variance": null,
    "context_switch_rate": 0.5100855100855101,
    "total_throughput": 0.999999
  },
  "stability": {
    "oscillation_frequency": 0.32,
    "time_to_steady_state": -1.0
  }
}