{
  "config": {
    "M": 10.0,
    "alpha": 0.1,
    "arrival_rate": 0.2,
    "beta": 0.1,
    "num_processes": 16,
    "scheduler": "rr",
    "seed": 456,
    "service_rate": 1.0,
    "ticks": 1000000,
    "workload": "poisson"
  },
  "fairness": {
    "jain_index": 0.9999999999849999,
    "max_starvation": 24.0,
    "starvation_events": 0
  },
  "latency": {
    "avg_turnaround": 343498.91198791197,
    "avg_waiting_time": 343497.91198791197,
    "max_waiting_time": 688412.0,
    "p50_waiting_time": 343400.0,
    "p95_waiting_time": 652600.0,
    "p99_waiting_time": 680000.0
  },
  "online": {
    "completed_jobs": 999999,
    "lyapunov_drift": -273719.0,
    "lyapunov_v": 302411087209.0,
    "throughput": 1.0,
    "utilization": 0.999999
  },
  "queue": {
    "max": 138197.0,
    "mean": 68705.932599375,
    "median": 9999.0,
    "min": 0.0,
    "std_dev": 39712.85851357232,
    "variance": 1577111131.3190136
  },
  "scheduler_diag": {
    "avg_entropy": 2.7211801935497983,
    "avg_score_variance": 0.0625,
    "context_switch_rate": 0.999998999999,
    "total_throughput": 0.999999
  },
  "stability": {
    "oscillation_frequency": 16.921,
    "time_to_steady_state": -1.0
  }
}