{
  "config": {
    "M": 10.0,
    "alpha": 0.1,
    "arrival_rate": 0.8,
    "beta": 0.1,
    "num_processes": 16,
    "scheduler": "maxweight",
    "seed": 456,
    "service_rate": 1.0,
    "ticks": 1000000,
    "workload": "poisson"
  },
  "fairness": {
    "jain_index": 0.9999567291629011,
    "max_starvation": 2476.0,
    "starvation_events": 33058
  },
  "latency": {
    "avg_turnaround": 460872.9667409667,
    "avg_waiting_time": 460871.9667409667,
    "max_waiting_time": 922557.0,
    "p50_waiting_time": 460700.0,
    "p95_waiting_time": 875500.0,
    "p99_waiting_time": 912400.0
  },
  "online": {
    "completed_jobs": 999999,
    "lyapunov_drift": 11794772.0,
    "lyapunov_v": 8694731435002.0,
    "throughput": 1.0,
    "utilization": 0.999999
  },
  "queue": {
    "max": 737168.0,
    "mean": 368652.383265,
    "median": 9999.0,
    "min": 0.0,
    "std_dev": 212842.50297240057,
    "variance": 45301931071.55635
  },
  "scheduler_diag": {
    "avg_entropy": 1.4126523129175255,
    "avg_score_variance": 38.111360986362186,
    "context_switch_rate": 0.6686746686746686,
    "total_throughput": 0.999999
  },
  "stability": {
    "oscillation_frequency": 0.002,
    "time_to_steady_state": -1.0
  }
}