{
  "config": {
    "M": 10.0,
    "alpha": 0.1,
    "arrival_rate": 0.9,
    "beta": 0.1,
    "num_processes": 16,
    "scheduler": "rr",
    "seed": 42,
    "service_rate": 1.0,
    "ticks": 1000000,
    "workload": "poisson"
  },
  "fairness": {
    "jain_index": 0.9999999999849999,
    "max_starvation": 17.0,
    "starvation_events": 0
  },
  "latency": {
    "avg_turnaround": 465282.68830668833,
    "avg_waiting_time": 465281.68830668833,
    "max_waiting_time": 931248.0,
    "p50_waiting_time": 465200.0,
    "p95_waiting_time": 884000.0,
    "p99_waiting_time": 921200.0
  },
  "online": {
    "completed_jobs": 999999,
    "lyapunov_drift": 20089942.0,
    "lyapunov_v": 11213293065655.0,
    "throughput": 1.0,
    "utilization": 0.999999
  },
  "queue": {
    "max": 839003.0,
    "mean": 418624.533703125,
    "median": 9999.0,
    "min": 0.0,
    "std_dev": 241653.22379584418,
    "variance": 58396280570.92435
  },
  "scheduler_diag": {
    "avg_entropy": 2.7211801935497983,
    "avg_score_variance": 0.0625,
    "context_switch_rate": 0.999998999999,
    "total_throughput": 0.999999
  },
  "stability": {
    "oscillation_frequency": 0.002,
    "time_to_steady_state": -1.0
  }
}