{
  "config": {
    "M": 10.0,
    "alpha": 0.1,
    "arrival_rate": 0.1,
    "beta": 0.1,
    "num_processes": 16,
    "scheduler": "rr",
    "seed": 789,
    "service_rate": 1.0,
    "ticks": 1000000,
    "workload": "uniform"
  },
  "fairness": {
    "jain_index": 0.9999999999849999,
    "max_starvation": 16.0,
    "starvation_events": 0
  },
  "latency": {
    "avg_turnaround": 460907.67003167,
    "avg_waiting_time": 460906.67003167,
    "max_waiting_time": 922000.0,
    "p50_waiting_time": 460900.0,
    "p95_waiting_time": 875700.0,
    "p99_waiting_time": 912500.0
  },
  "online": {
    "completed_jobs": 999999,
    "lyapunov_drift": 14749032.0,
    "lyapunov_v": 8699920211320.0,
    "throughput": 1.0,
    "utilization": 0.999999
  },
  "queue": {
    "max": 737989.0,
    "mean": 368681.20273875,
    "median": 9999.0,
    "min": 0.0,
    "std_dev": 212862.75001811024,
    "variance": 45310550345.27249
  },
  "scheduler_diag": {
    "avg_entropy": 2.7211801935497983,
    "avg_score_variance": 0.0625,
    "context_switch_rate": 0.999998999999,
    "total_throughput": 0.999999
  },
  "stability": {
    "oscillation_frequency": 0.0,
    "time_to_steady_state": -1.0
  }
}