{
  "config": {
    "M": 10.0,
    "alpha": 0.1,
    "arrival_rate": 0.6,
    "beta": 0.1,
    "num_processes": 16,
    "scheduler": "rr",
    "seed": 123,
    "service_rate": 1.0,
    "ticks": 1000000,
    "workload": "poisson"
  },
  "fairness": {
    "jain_index": 0.9999999999849999,
    "max_starvation": 18.0,
    "starvation_events": 0
  },
  "latency": {
    "avg_turnaround": 447904.96841196844,
    "avg_waiting_time": 447903.96841196844,
    "max_waiting_time": 896620.0,
    "p50_waiting_time": 447900.0,
    "p95_waiting_time": 851000.0,
    "p99_waiting_time": 886800.0
  },
  "online": {
    "completed_jobs": 999999,
    "lyapunov_drift": 6448986.0,
    "lyapunov_v": 4620309607348.0,
    "throughput": 1.0,
    "utilization": 0.999999
  },
  "queue": {
    "max": 538440.0,
    "mean": 268816.865665625,
    "median": 9999.0,
    "min": 0.0,
    "std_dev": 155141.2692989806,
    "variance": 24068813439.698822
  },
  "scheduler_diag": {
    "avg_entropy": 2.7211801935497983,
    "avg_score_variance": 0.0625,
    "context_switch_rate": 0.999998999999,
    "total_throughput": 0.999999
  },
  "stability": {
    "oscillation_frequency": 0.07200000000000001,
    "time_to_steady_state": -1.0
  }
}