{
  "config": {
    "M": 10.0,
    "alpha": 0.1,
    "arrival_rate": 0.9,
    "beta": 0.1,
    "num_processes": 16,
    "scheduler": "maxweight",
    "seed": 789,
    "service_rate": 1.0,
    "ticks": 1000000,
    "workload": "poisson"
  },
  "fairness": {
    "jain_index": 0.999734399711913,
    "max_starvation": 2873.0,
    "starvation_events": 32969
  },
  "latency": {
    "avg_turnaround": 465174.80564880563,
    "avg_waiting_time": 465173.80564880563,
    "max_waiting_time": 932690.0,
    "p50_waiting_time": 465100.0,
    "p95_waiting_time": 883800.0,
    "p99_waiting_time": 921000.0
  },
  "online": {
    "completed_jobs": 999999,
    "lyapunov_drift": 25120413.0,
    "lyapunov_v": 11218420071142.0,
    "throughput": 1.0,
    "utilization": 0.999999
  },
  "queue": {
    "max": 837343.0,
    "mean": 418633.959448125,
    "median": 9999.0,
    "min": 0.0,
    "std_dev": 241716.1503251032,
    "variance": 58426697327.987885
  },
  "scheduler_diag": {
    "avg_entropy": 1.33163615277983,
    "avg_score_variance": 49.26609098275786,
    "context_switch_rate": 0.6487846487846488,
    "total_throughput": 0.999999
  },
  "stability": {
    "oscillation_frequency": 0.002,
    "time_to_steady_state": -1.0
  }
}