{
  "config": {
    "M": 10.0,
    "alpha": 0.1,
    "arrival_rate": 0.2,
    "beta": 0.1,
    "num_processes": 16,
    "scheduler": "embi",
    "seed": 123,
    "service_rate": 1.0,
    "ticks": 1000000,
    "workload": "poisson"
  },
  "fairness": {
    "jain_index": 0.9999534534825816,
    "max_starvation": 792.0,
    "starvation_events": 22296
  },
  "latency": {
    "avg_turnaround": 343713.2348182348,
    "avg_waiting_time": 343712.2348182348,
    "max_waiting_time": 690642.0,
    "p50_waiting_time": 343600.0,
    "p95_waiting_time": 653000.0,
    "p99_waiting_time": 680500.0
  },
  "online": {
    "completed_jobs": 999999,
    "lyapunov_drift": 1101084.0,
    "lyapunov_v": 303094291616.0,
    "throughput": 1.0,
    "utilization": 0.999999
  },
  "queue": {
    "max": 137635.0,
    "mean": 68800.465606875,
    "median": 9999.0,
    "min": 0.0,
    "std_dev": 39748.10598214007,
    "variance": 1579911929.1674395
  },
  "scheduler_diag": {
    "avg_entropy": 1.5922781480594554,
    "avg_score_variance": 8.746145530354088,
    "context_switch_rate": 0.8226878226878227,
    "total_throughput": 0.999999
  },
  "stability": {
    "oscillation_frequency": 17.408,
    "time_to_steady_state": -1.0
  }
}