{
  "config": {
    "M": 10.0,
    "alpha": 0.1,
    "arrival_rate": 0.6,
    "beta": 0.1,
    "num_processes": 16,
    "scheduler": "rr",
    "seed": 456,
    "service_rate": 1.0,
    "ticks": 1000000,
    "workload": "poisson"
  },
  "fairness": {
    "jain_index": 0.9999999999849999,
    "max_starvation": 19.0,
    "starvation_events": 0
  },
  "latency": {
    "avg_turnaround": 447832.8336818337,
    "avg_waiting_time": 447831.8336818337,
    "max_waiting_time": 896337.0,
    "p50_waiting_time": 447800.0,
    "p95_waiting_time": 850800.0,
    "p99_waiting_time": 886600.0
  },
  "online": {
    "completed_jobs": 999999,
    "lyapunov_drift": 17197754.0,
    "lyapunov_v": 4620524344722.0,
    "throughput": 1.0,
    "utilization": 0.999999
  },
  "queue": {
    "max": 538881.0,
    "mean": 268686.0740175,
    "median": 9999.0,
    "min": 0.0,
    "std_dev": 155150.56792763693,
    "variance": 24071698728.26828
  },
  "scheduler_diag": {
    "avg_entropy": 2.7211801935497983,
    "avg_score_variance": 0.0625,
    "context_switch_rate": 0.999998999999,
    "total_throughput": 0.999999
  },
  "stability": {
    "oscillation_frequency": 0.058,
    "time_to_steady_state": -1.0
  }
}