{
  "config": {
    "M": 10.0,
    "alpha": 0.1,
    "arrival_rate": 0.5,
    "beta": 0.1,
    "num_processes": 16,
    "scheduler": "cmu",
    "seed": 789,
    "service_rate": 1.0,
    "ticks": 1000000,
    "workload": "poisson"
  },
  "fairness": {
    "jain_index": 0.12510011236065285,
    "max_starvation": 1000000.0,
    "starvation_events": 53
  },
  "latency": {
    "avg_turnaround": 1031.5969465969465,
    "avg_waiting_time": 1030.5969465969465,
    "max_waiting_time": 149676.0,
    "p50_waiting_time": 0.0,
    "p95_waiting_time": 3300.0,
    "p99_waiting_time": 3500.0
  },
  "online": {
    "completed_jobs": 999999,
    "lyapunov_drift": 11001766.0,
    "lyapunov_v": 3495168090263.0,
    "throughput": 1.0,
    "utilization": 0.999999
  },
  "queue": {
    "max": 500848.0,
    "mean": 218695.3187075,
    "median": 9999.0,
    "min": 0.0,
    "std_dev": 158190.16939651666,
    "variance": 25024129693.69864
  },
  "scheduler_diag": {
    "avg_entropy": 2.772588722264898,
    "avg_score_variance": 0.0,
    "context_switch_rate": 0.39364839364839366,
    "total_throughput": 0.999999
  },
  "stability": {
    "oscillation_frequency": 0.056,
    "time_to_steady_state": -1.0
  }
}