{
  "config": {
    "M": 10.0,
    "alpha": 0.1,
    "arrival_rate": 0.6,
    "beta": 0.1,
    "num_processes": 16,
    "scheduler": "embi_unclipped",
    "seed": 42,
    "service_rate": 1.0,
    "ticks": 1000000,
    "workload": "poisson"
  },
  "fairness": {
    "jain_index": 0.9998654476786228,
    "max_starvation": 2075.0,
    "starvation_events": 32893
  },
  "latency": {
    "avg_turnaround": 447919.1095721096,
    "avg_waiting_time": 447918.1095721096,
    "max_waiting_time": 898142.0,
    "p50_waiting_time": 447800.0,
    "p95_waiting_time": 850900.0,
    "p99_waiting_time": 886700.0
  },
  "online": {
    "completed_jobs": 999999,
    "lyapunov_drift": 9672407.0,
    "lyapunov_v": 4620019233088.0,
    "throughput": 1.0,
    "utilization": 0.999999
  },
  "queue": {
    "max": 537356.0,
    "mean": 268706.3720625,
    "median": 9999.0,
    "min": 0.0,
    "std_dev": 155126.88617160165,
    "variance": 24064350813.29706
  },
  "scheduler_diag": {
    "avg_entropy": 0.941758710900566,
    "avg_score_variance": 84.68032940485733,
    "context_switch_rate": 0.6824886824886824,
    "total_throughput": 0.999999
  },
  "stability": {
    "oscillation_frequency": 0.128,
    "time_to_steady_state": -1.0
  }
}