{
  "config": {
    "M": 10.0,
    "alpha": 0.1,
    "arrival_rate": 0.7,
    "beta": 0.1,
    "num_processes": 16,
    "scheduler": "embi_unclipped",
    "seed": 456,
    "service_rate": 1.0,
    "ticks": 1000000,
    "workload": "poisson"
  },
  "fairness": {
    "jain_index": 0.9998393097130861,
    "max_starvation": 3216.0,
    "starvation_events": 33424
  },
  "latency": {
    "avg_turnaround": 455279.05765505764,
    "avg_waiting_time": 455278.05765505764,
    "max_waiting_time": 912887.0,
    "p50_waiting_time": 455200.0,
    "p95_waiting_time": 864900.0,
    "p99_waiting_time": 901400.0
  },
  "online": {
    "completed_jobs": 999999,
    "lyapunov_drift": 19119027.0,
    "lyapunov_v": 6498453779876.0,
    "throughput": 1.0,
    "utilization": 0.999999
  },
  "queue": {
    "max": 637302.0,
    "mean": 318677.73234125,
    "median": 9999.0,
    "min": 0.0,
    "std_dev": 184008.05693882014,
    "variance": 33858965018.40007
  },
  "scheduler_diag": {
    "avg_entropy": 0.8623541908354112,
    "avg_score_variance": 118.96476310747205,
    "context_switch_rate": 0.6601876601876602,
    "total_throughput": 0.999999
  },
  "stability": {
    "oscillation_frequency": 0.022,
    "time_to_steady_state": -1.0
  }
}