{
  "config": {
    "M": 10.0,
    "alpha": 0.1,
    "arrival_rate": 0.9,
    "beta": 0.1,
    "num_processes": 16,
    "scheduler": "cmu",
    "seed": 123,
    "service_rate": 1.0,
    "ticks": 1000000,
    "workload": "poisson"
  },
  "fairness": {
    "jain_index": 0.07655661527960092,
    "max_starvation": 1000000.0,
    "starvation_events": 1692
  },
  "latency": {
    "avg_turnaround": 45821.88553688554,
    "avg_waiting_time": 45820.88553688554,
    "max_waiting_time": 886006.0,
    "p50_waiting_time": 0.0,
    "p95_waiting_time": 462400.0,
    "p99_waiting_time": 801100.0
  },
  "online": {
    "completed_jobs": 999999,
    "lyapunov_drift": 21594646.0,
    "lyapunov_v": 11969924029230.0,
    "throughput": 1.0,
    "utilization": 0.999999
  },
  "queue": {
    "max": 900956.0,
    "mean": 418715.44467625,
    "median": 9999.0,
    "min": 0.0,
    "std_dev": 272333.55609834346,
    "variance": 74165565777.16959
  },
  "scheduler_diag": {
    "avg_entropy": 2.772588722264898,
    "avg_score_variance": 0.0,
    "context_switch_rate": 0.12088612088612088,
    "total_throughput": 0.999999
  },
  "stability": {
    "oscillation_frequency": 0.0,
    "time_to_steady_state": -1.0
  }
}