{
  "config": {
    "M": 10.0,
    "alpha": 0.1,
    "arrival_rate": 0.6,
    "beta": 0.1,
    "num_processes": 16,
    "scheduler": "fcfs",
    "seed": 42,
    "service_rate": 1.0,
    "ticks": 1000000,
    "workload": "poisson"
  },
  "fairness": {
    "jain_index": 0.12012118719814151,
    "max_starvation": 1000000.0,
    "starvation_events": 14
  },
  "latency": {
    "avg_turnaround": 66413.38103438103,
    "avg_waiting_time": 66412.38103438103,
    "max_waiting_time": 333305.0,
    "p50_waiting_time": 0.0,
    "p95_waiting_time": 290700.0,
    "p99_waiting_time": 325100.0
  },
  "online": {
    "completed_jobs": 999999,
    "lyapunov_drift": 10794791.0,
    "lyapunov_v": 5077073442012.0,
    "throughput": 1.0,
    "utilization": 0.999999
  },
  "queue": {
    "max": 601037.0,
    "mean": 268706.3720625,
    "median": 9999.0,
    "min": 0.0,
    "std_dev": 183292.63577962058,
    "variance": 33596190331.04065
  },
  "scheduler_diag": {
    "avg_entropy": 2.4312937109018535,
    "avg_score_variance": null,
    "context_switch_rate": 0.35944635944635944,
    "total_throughput": 0.999999
  },
  "stability": {
    "oscillation_frequency": 0.018000000000000002,
    "time_to_steady_state": -1.0
  }
}