{
  "config": {
    "M": 10.0,
    "alpha": 0.1,
    "arrival_rate": 0.9,
    "beta": 0.1,
    "num_processes": 16,
    "scheduler": "cmu",
    "seed": 456,
    "service_rate": 1.0,
    "ticks": 1000000,
    "workload": "bursty"
  },
  "fairness": {
    "jain_index": 0.37494396891175147,
    "max_starvation": 1000000.0,
    "starvation_events": 3238
  },
  "latency": {
    "avg_turnaround": 3414.953708953709,
    "avg_waiting_time": 3413.953708953709,
    "max_waiting_time": 40512.0,
    "p50_waiting_time": 0.0,
    "p95_waiting_time": 24200.0,
    "p99_waiting_time": 38000.0
  },
  "online": {
    "completed_jobs": 999999,
    "lyapunov_drift": -13.0,
    "lyapunov_v": 283122208648.0,
    "throughput": 1.0,
    "utilization": 0.999999
  },
  "queue": {
    "max": 169260.0,
    "mean": 52886.017259375,
    "median": 9999.0,
    "min": 0.0,
    "std_dev": 55860.87033353189,
    "variance": 3120436834.419664
  },
  "scheduler_diag": {
    "avg_entropy": 2.772588722264898,
    "avg_score_variance": 0.0,
    "context_switch_rate": 0.3643783643783644,
    "total_throughput": 0.999999
  },
  "stability": {
    "oscillation_frequency": 25.923000000000002,
    "time_to_steady_state": -1.0
  }
}