{
  "config": {
    "M": 10.0,
    "alpha": 0.1,
    "arrival_rate": 0.1,
    "beta": 0.1,
    "num_processes": 16,
    "scheduler": "cmu",
    "seed": 999,
    "service_rate": 1.0,
    "ticks": 1000000,
    "workload": "poisson"
  },
  "fairness": {
    "jain_index": 0.6252287044380213,
    "max_starvation": 1000000.0,
    "starvation_events": 2182
  },
  "latency": {
    "avg_turnaround": 1244.8382066764134,
    "avg_waiting_time": 1243.8382066764134,
    "max_waiting_time": 58509.0,
    "p50_waiting_time": 0.0,
    "p95_waiting_time": 14000.0,
    "p99_waiting_time": 16800.0
  },
  "online": {
    "completed_jobs": 999998,
    "lyapunov_drift": 200846.0,
    "lyapunov_v": 60129055555.0,
    "throughput": 1.0,
    "utilization": 0.999998
  },
  "queue": {
    "max": 100426.0,
    "mean": 18852.297301875,
    "median": 1.0,
    "min": 0.0,
    "std_dev": 29963.050388964588,
    "variance": 897784388.611631
  },
  "scheduler_diag": {
    "avg_entropy": 2.772588722264898,
    "avg_score_variance": 0.0,
    "context_switch_rate": 0.8009686019372039,
    "total_throughput": 0.999998
  },
  "stability": {
    "oscillation_frequency": 32.305,
    "time_to_steady_state": -1.0
  }
}