{
  "config": {
    "M": 10.0,
    "alpha": 0.1,
    "arrival_rate": 0.4,
    "beta": 0.1,
    "num_processes": 16,
    "scheduler": "fcfs",
    "seed": 789,
    "service_rate": 1.0,
    "ticks": 1000000,
    "workload": "poisson"
  },
  "fairness": {
    "jain_index": 0.17362411880983158,
    "max_starvation": 1000000.0,
    "starvation_events": 295
  },
  "latency": {
    "avg_turnaround": 49736.62805162805,
    "avg_waiting_time": 49735.62805162805,
    "max_waiting_time": 499150.0,
    "p50_waiting_time": 0.0,
    "p95_waiting_time": 374200.0,
    "p99_waiting_time": 474600.0
  },
  "online": {
    "completed_jobs": 999999,
    "lyapunov_drift": 6397296.0,
    "lyapunov_v": 2119971664214.0,
    "throughput": 1.0,
    "utilization": 0.999999
  },
  "queue": {
    "max": 401004.0,
    "mean": 168701.818425625,
    "median": 9999.0,
    "min": 0.0,
    "std_dev": 125309.6906522011,
    "variance": 15702518571.350334
  },
  "scheduler_diag": {
    "avg_entropy": 2.1786035809423683,
    "avg_score_variance": null,
    "context_switch_rate": 0.5095955095955096,
    "total_throughput": 0.999999
  },
  "stability": {
    "oscillation_frequency": 0.28200000000000003,
    "time_to_steady_state": -1.0
  }
}