{
  "config": {
    "M": 10.0,
    "alpha": 0.1,
    "arrival_rate": 0.3,
    "beta": 0.1,
    "num_processes": 8,
    "scheduler": "rr",
    "seed": 42,
    "service_rate": 1.0,
    "ticks": 50000,
    "workload": "poisson"
  },
  "fairness": {
    "jain_index": 0.999999997199888,
    "max_starvation": 9.0,
    "starvation_events": 0
  },
  "latency": {
    "avg_turnaround": 14630.592771855438,
    "avg_waiting_time": 14629.592771855438,
    "max_waiting_time": 29782.0,
    "p50_waiting_time": 14620.0,
    "p95_waiting_time": 27780.0,
    "p99_waiting_time": 28965.0
  },
  "online": {
    "completed_jobs": 49999,
    "lyapunov_drift": 34876.0,
    "lyapunov_v": 621526665.0,
    "throughput": 1.0,
    "utilization": 0.99998
  },
  "queue": {
    "max": 9020.0,
    "mean": 4408.141775,
    "median": 4402.0,
    "min": 0.0,
    "std_dev": 2544.8565302929846,
    "variance": 6476294.759774849
  },
  "scheduler_diag": {
    "avg_entropy": 1.9943007688523635,
    "avg_score_variance": 0.12500000000000003,
    "context_switch_rate": 0.999979999599992,
    "total_throughput": 0.99998
  },
  "stability": {
    "oscillation_frequency": 303.32,
    "time_to_steady_state": -1.0
  }
}