{
  "config": {
    "M": 10.0,
    "alpha": 0.1,
    "arrival_rate": 0.6,
    "beta": 0.1,
    "num_processes": 16,
    "scheduler": "fcfs",
    "seed": 789,
    "service_rate": 1.0,
    "ticks": 1000000,
    "workload": "poisson"
  },
  "fairness": {
    "jain_index": 0.12015761718335413,
    "max_starvation": 1000000.0,
    "starvation_events": 14
  },
  "latency": {
    "avg_turnaround": 67063.33682233682,
    "avg_waiting_time": 67062.33682233682,
    "max_waiting_time": 333966.0,
    "p50_waiting_time": 0.0,
    "p95_waiting_time": 292400.0,
    "p99_waiting_time": 325400.0
  },
  "online": {
    "completed_jobs": 999999,
    "lyapunov_drift": 13193508.0,
    "lyapunov_v": 5074298236295.0,
    "throughput": 1.0,
    "utilization": 0.999999
  },
  "queue": {
    "max": 601185.0,
    "mean": 268666.35139,
    "median": 9999.0,
    "min": 0.0,
    "std_dev": 183224.35634801068,
    "variance": 33571164759.142807
  },
  "scheduler_diag": {
    "avg_entropy": 2.4314799897152883,
    "avg_score_variance": null,
    "context_switch_rate": 0.3611823611823612,
    "total_throughput": 0.999999
  },
  "stability": {
    "oscillation_frequency": 0.018000000000000002,
    "time_to_steady_state": -1.0
  }
}