{
  "config": {
    "M": 10.0,
    "alpha": 0.1,
    "arrival_rate": 0.4,
    "beta": 0.1,
    "num_processes": 16,
    "scheduler": "maxweight",
    "seed": 123,
    "service_rate": 1.0,
    "ticks": 1000000,
    "workload": "poisson"
  },
  "fairness": {
    "jain_index": 0.9998988181494189,
    "max_starvation": 1208.0,
    "starvation_events": 29673
  },
  "latency": {
    "avg_turnaround": 421852.34352034354,
    "avg_waiting_time": 421851.34352034354,
    "max_waiting_time": 845961.0,
    "p50_waiting_time": 421800.0,
    "p95_waiting_time": 801500.0,
    "p99_waiting_time": 835200.0
  },
  "online": {
    "completed_jobs": 999999,
    "lyapunov_drift": 3376099.0,
    "lyapunov_v": 1823681441494.0,
    "throughput": 1.0,
    "utilization": 0.999999
  },
  "queue": {
    "max": 337609.0,
    "mean": 168852.61496625,
    "median": 9999.0,
    "min": 0.0,
    "std_dev": 97484.41124196691,
    "variance": 9503210435.192925
  },
  "scheduler_diag": {
    "avg_entropy": 1.8841966562027614,
    "avg_score_variance": 8.977248802249079,
    "context_switch_rate": 0.7714047714047714,
    "total_throughput": 0.999999
  },
  "stability": {
    "oscillation_frequency": 1.632,
    "time_to_steady_state": -1.0
  }
}