{
  "config": {
    "M": 10.0,
    "alpha": 0.1,
    "arrival_rate": 0.4,
    "beta": 0.1,
    "num_processes": 16,
    "scheduler": "cmu",
    "seed": 456,
    "service_rate": 1.0,
    "ticks": 1000000,
    "workload": "poisson"
  },
  "fairness": {
    "jain_index": 0.1735814104196008,
    "max_starvation": 1000000.0,
    "starvation_events": 312
  },
  "latency": {
    "avg_turnaround": 49663.32368632369,
    "avg_waiting_time": 49662.32368632369,
    "max_waiting_time": 501435.0,
    "p50_waiting_time": 0.0,
    "p95_waiting_time": 373300.0,
    "p99_waiting_time": 474100.0
  },
  "online": {
    "completed_jobs": 999999,
    "lyapunov_drift": 5601707.0,
    "lyapunov_v": 2118707124135.0,
    "throughput": 1.0,
    "utilization": 0.999999
  },
  "queue": {
    "max": 401143.0,
    "mean": 168698.1439725,
    "median": 9999.0,
    "min": 0.0,
    "std_dev": 125227.79579617336,
    "variance": 15682000839.968094
  },
  "scheduler_diag": {
    "avg_entropy": 2.772588722264898,
    "avg_score_variance": 0.0,
    "context_switch_rate": 0.5093785093785094,
    "total_throughput": 0.999999
  },
  "stability": {
    "oscillation_frequency": 0.31,
    "time_to_steady_state": -1.0
  }
}