{
  "config": {
    "M": 10.0,
    "alpha": 0.1,
    "arrival_rate": 0.5,
    "beta": 0.1,
    "num_processes": 16,
    "scheduler": "fcfs",
    "seed": 123,
    "service_rate": 1.0,
    "ticks": 1000000,
    "workload": "poisson"
  },
  "fairness": {
    "jain_index": 0.12508714605269428,
    "max_starvation": 1000000.0,
    "starvation_events": 44
  },
  "latency": {
    "avg_turnaround": 1027.2541562541562,
    "avg_waiting_time": 1026.2541562541562,
    "max_waiting_time": 92338.0,
    "p50_waiting_time": 0.0,
    "p95_waiting_time": 3300.0,
    "p99_waiting_time": 3800.0
  },
  "online": {
    "completed_jobs": 999999,
    "lyapunov_drift": 5000610.0,
    "lyapunov_v": 3498186307244.0,
    "throughput": 1.0,
    "utilization": 0.999999
  },
  "queue": {
    "max": 500616.0,
    "mean": 218842.413839375,
    "median": 9999.0,
    "min": 0.0,
    "std_dev": 158234.06176525186,
    "variance": 25038018302.729538
  },
  "scheduler_diag": {
    "avg_entropy": 2.290748565531906,
    "avg_score_variance": null,
    "context_switch_rate": 0.3924063924063924,
    "total_throughput": 0.999999
  },
  "stability": {
    "oscillation_frequency": 0.078,
    "time_to_steady_state": -1.0
  }
}