{
  "config": {
    "M": 10.0,
    "alpha": 0.1,
    "arrival_rate": 0.7,
    "beta": 0.1,
    "num_processes": 16,
    "scheduler": "rr",
    "seed": 999,
    "service_rate": 1.0,
    "ticks": 1000000,
    "workload": "poisson"
  },
  "fairness": {
    "jain_index": 0.9999999999849999,
    "max_starvation": 16.0,
    "starvation_events": 0
  },
  "latency": {
    "avg_turnaround": 455480.11197711196,
    "avg_waiting_time": 455479.11197711196,
    "max_waiting_time": 911737.0,
    "p50_waiting_time": 455400.0,
    "p95_waiting_time": 865300.0,
    "p99_waiting_time": 901800.0
  },
  "online": {
    "completed_jobs": 999999,
    "lyapunov_drift": 15309758.0,
    "lyapunov_v": 6504264778422.0,
    "throughput": 1.0,
    "utilization": 0.999999
  },
  "queue": {
    "max": 638632.0,
    "mean": 318814.324656875,
    "median": 9999.0,
    "min": 0.0,
    "std_dev": 184015.5959390705,
    "variance": 33861739548.811264
  },
  "scheduler_diag": {
    "avg_entropy": 2.7211801935497983,
    "avg_score_variance": 0.0625,
    "context_switch_rate": 0.999998999999,
    "total_throughput": 0.999999
  },
  "stability": {
    "oscillation_frequency": 0.016,
    "time_to_steady_state": -1.0
  }
}