{
  "config": {
    "M": 10.0,
    "alpha": 0.1,
    "arrival_rate": 0.2,
    "beta": 0.1,
    "num_processes": 16,
    "scheduler": "cmu",
    "seed": 456,
    "service_rate": 1.0,
    "ticks": 1000000,
    "workload": "poisson"
  },
  "fairness": {
    "jain_index": 0.3132058797124865,
    "max_starvation": 1000000.0,
    "starvation_events": 373
  },
  "latency": {
    "avg_turnaround": 859.1980571980572,
    "avg_waiting_time": 858.1980571980572,
    "max_waiting_time": 347074.0,
    "p50_waiting_time": 0.0,
    "p95_waiting_time": 5400.0,
    "p99_waiting_time": 7500.0
  },
  "online": {
    "completed_jobs": 999999,
    "lyapunov_drift": -1.0,
    "lyapunov_v": 439476932411.0,
    "throughput": 1.0,
    "utilization": 0.999999
  },
  "queue": {
    "max": 200697.0,
    "mean": 68705.932599375,
    "median": 9999.0,
    "min": 0.0,
    "std_dev": 66542.71173905881,
    "variance": 4427932485.587475
  },
  "scheduler_diag": {
    "avg_entropy": 2.772588722264898,
    "avg_score_variance": 0.0,
    "context_switch_rate": 0.6815116815116815,
    "total_throughput": 0.999999
  },
  "stability": {
    "oscillation_frequency": 8.001,
    "time_to_steady_state": -1.0
  }
}