{
  "config": {
    "M": 10.0,
    "alpha": 0.1,
    "arrival_rate": 0.5,
    "beta": 0.1,
    "num_processes": 16,
    "scheduler": "embi",
    "seed": 42,
    "service_rate": 1.0,
    "ticks": 1000000,
    "workload": "poisson"
  },
  "fairness": {
    "jain_index": 0.9998533424832241,
    "max_starvation": 1542.0,
    "starvation_events": 32283
  },
  "latency": {
    "avg_turnaround": 437501.26282526285,
    "avg_waiting_time": 437500.26282526285,
    "max_waiting_time": 877317.0,
    "p50_waiting_time": 437400.0,
    "p95_waiting_time": 831300.0,
    "p99_waiting_time": 866100.0
  },
  "online": {
    "completed_jobs": 999999,
    "lyapunov_drift": 874741.0,
    "lyapunov_v": 3060719634229.0,
    "throughput": 1.0,
    "utilization": 0.999999
  },
  "queue": {
    "max": 437373.0,
    "mean": 218717.291976875,
    "median": 9999.0,
    "min": 0.0,
    "std_dev": 126264.85952290564,
    "variance": 15942814750.339096
  },
  "scheduler_diag": {
    "avg_entropy": 1.0404746267580132,
    "avg_score_variance": 58.83212329637566,
    "context_switch_rate": 0.7084227084227084,
    "total_throughput": 0.999999
  },
  "stability": {
    "oscillation_frequency": 0.422,
    "time_to_steady_state": -1.0
  }
}