{
  "config": {
    "M": 10.0,
    "alpha": 0.1,
    "arrival_rate": 0.9,
    "beta": 0.1,
    "num_processes": 16,
    "scheduler": "cmu",
    "seed": 123,
    "service_rate": 1.0,
    "ticks": 1000000,
    "workload": "uniform"
  },
  "fairness": {
    "jain_index": 0.09198495136608738,
    "max_starvation": 1000000.0,
    "starvation_events": 14
  },
  "latency": {
    "avg_turnaround": 75141.78242978243,
    "avg_waiting_time": 75140.78242978243,
    "max_waiting_time": 749698.0,
    "p50_waiting_time": 0.0,
    "p95_waiting_time": 562300.0,
    "p99_waiting_time": 712200.0
  },
  "online": {
    "completed_jobs": 999999,
    "lyapunov_drift": 17599981.0,
    "lyapunov_v": 9318366795133.0,
    "throughput": 1.0,
    "utilization": 0.999999
  },
  "queue": {
    "max": 800482.0,
    "mean": 368764.866915625,
    "median": 9999.0,
    "min": 0.0,
    "std_dev": 241207.78226056352,
    "variance": 58181194223.05942
  },
  "scheduler_diag": {
    "avg_entropy": 2.772588722264898,
    "avg_score_variance": 0.0,
    "context_switch_rate": 0.4009014009014009,
    "total_throughput": 0.999999
  },
  "stability": {
    "oscillation_frequency": 0.0,
    "time_to_steady_state": -1.0
  }
}