{
  "config": {
    "M": 10.0,
    "alpha": 0.1,
    "arrival_rate": 0.6,
    "beta": 0.1,
    "num_processes": 16,
    "scheduler": "fcfs",
    "seed": 123,
    "service_rate": 1.0,
    "ticks": 1000000,
    "workload": "poisson"
  },
  "fairness": {
    "jain_index": 0.1201864257766324,
    "max_starvation": 1000000.0,
    "starvation_events": 14
  },
  "latency": {
    "avg_turnaround": 66914.14991714992,
    "avg_waiting_time": 66913.14991714992,
    "max_waiting_time": 334064.0,
    "p50_waiting_time": 0.0,
    "p95_waiting_time": 292300.0,
    "p99_waiting_time": 325500.0
  },
  "online": {
    "completed_jobs": 999999,
    "lyapunov_drift": 7199254.0,
    "lyapunov_v": 5077234552460.0,
    "throughput": 1.0,
    "utilization": 0.999999
  },
  "queue": {
    "max": 600940.0,
    "mean": 268816.865665625,
    "median": 9999.0,
    "min": 0.0,
    "std_dev": 183279.142140049,
    "variance": 33591243943.592285
  },
  "scheduler_diag": {
    "avg_entropy": 2.3688178189902493,
    "avg_score_variance": null,
    "context_switch_rate": 0.3618933618933619,
    "total_throughput": 0.999999
  },
  "stability": {
    "oscillation_frequency": 0.006,
    "time_to_steady_state": -1.0
  }
}