{
  "config": {
    "M": 10.0,
    "alpha": 0.1,
    "arrival_rate": 0.7,
    "beta": 0.1,
    "num_processes": 16,
    "scheduler": "rr",
    "seed": 123,
    "service_rate": 1.0,
    "ticks": 1000000,
    "workload": "poisson"
  },
  "fairness": {
    "jain_index": 0.9999999999849999,
    "max_starvation": 18.0,
    "starvation_events": 0
  },
  "latency": {
    "avg_turnaround": 455346.9536919537,
    "avg_waiting_time": 455345.9536919537,
    "max_waiting_time": 911583.0,
    "p50_waiting_time": 455300.0,
    "p95_waiting_time": 865100.0,
    "p99_waiting_time": 901600.0
  },
  "online": {
    "completed_jobs": 999999,
    "lyapunov_drift": 14022249.0,
    "lyapunov_v": 6499433188176.0,
    "throughput": 1.0,
    "utilization": 0.999999
  },
  "queue": {
    "max": 639181.0,
    "mean": 318785.837508125,
    "median": 9999.0,
    "min": 0.0,
    "std_dev": 183970.04526162343,
    "variance": 33844977553.563766
  },
  "scheduler_diag": {
    "avg_entropy": 2.7211801935497983,
    "avg_score_variance": 0.0625,
    "context_switch_rate": 0.999998999999,
    "total_throughput": 0.999999
  },
  "stability": {
    "oscillation_frequency": 0.008,
    "time_to_steady_state": -1.0
  }
}