{
  "config": {
    "M": 10.0,
    "alpha": 0.1,
    "arrival_rate": 0.4,
    "beta": 0.1,
    "num_processes": 16,
    "scheduler": "rr",
    "seed": 789,
    "service_rate": 1.0,
    "ticks": 1000000,
    "workload": "bursty"
  },
  "fairness": {
    "jain_index": 0.999999999088998,
    "max_starvation": 97.0,
    "starvation_events": 0
  },
  "latency": {
    "avg_turnaround": 314629.7816147816,
    "avg_waiting_time": 314628.7816147816,
    "max_waiting_time": 635154.0,
    "p50_waiting_time": 315200.0,
    "p95_waiting_time": 597100.0,
    "p99_waiting_time": 622200.0
  },
  "online": {
    "completed_jobs": 999999,
    "lyapunov_drift": -213735.0,
    "lyapunov_v": 178793598371.0,
    "throughput": 1.0,
    "utilization": 0.999999
  },
  "queue": {
    "max": 107618.0,
    "mean": 52883.35327375,
    "median": 9999.0,
    "min": 0.0,
    "std_dev": 30477.829967674,
    "variance": 928898119.5384474
  },
  "scheduler_diag": {
    "avg_entropy": 2.7211801935497983,
    "avg_score_variance": 0.0625,
    "context_switch_rate": 0.999998999999,
    "total_throughput": 0.999999
  },
  "stability": {
    "oscillation_frequency": 35.528999999999996,
    "time_to_steady_state": -1.0
  }
}