{
  "config": {
    "M": 10.0,
    "alpha": 0.1,
    "arrival_rate": 0.8,
    "beta": 0.1,
    "num_processes": 16,
    "scheduler": "cmu",
    "seed": 42,
    "service_rate": 1.0,
    "ticks": 1000000,
    "workload": "poisson"
  },
  "fairness": {
    "jain_index": 0.09181632227915298,
    "max_starvation": 1000000.0,
    "starvation_events": 295
  },
  "latency": {
    "avg_turnaround": 74927.79714779714,
    "avg_waiting_time": 74926.79714779714,
    "max_waiting_time": 751847.0,
    "p50_waiting_time": 0.0,
    "p95_waiting_time": 562500.0,
    "p99_waiting_time": 714200.0
  },
  "online": {
    "completed_jobs": 999999,
    "lyapunov_drift": 12392938.0,
    "lyapunov_v": 9311155849843.0,
    "throughput": 1.0,
    "utilization": 0.999999
  },
  "queue": {
    "max": 800528.0,
    "mean": 368648.1971375,
    "median": 9999.0,
    "min": 0.0,
    "std_dev": 241095.0663000369,
    "variance": 58126830994.21919
  },
  "scheduler_diag": {
    "avg_entropy": 2.772588722264898,
    "avg_score_variance": 0.0,
    "context_switch_rate": 0.22052922052922053,
    "total_throughput": 0.999999
  },
  "stability": {
    "oscillation_frequency": 0.0,
    "time_to_steady_state": -1.0
  }
}