{
  "config": {
    "M": 10.0,
    "alpha": 0.1,
    "arrival_rate": 0.7,
    "beta": 0.1,
    "num_processes": 16,
    "scheduler": "rr",
    "seed": 999,
    "service_rate": 1.0,
    "ticks": 1000000,
    "workload": "bursty"
  },
  "fairness": {
    "jain_index": 0.9999999994729991,
    "max_starvation": 55.0,
    "starvation_events": 0
  },
  "latency": {
    "avg_turnaround": 313966.7603617604,
    "avg_waiting_time": 313965.7603617604,
    "max_waiting_time": 637524.0,
    "p50_waiting_time": 314700.0,
    "p95_waiting_time": 596500.0,
    "p99_waiting_time": 621400.0
  },
  "online": {
    "completed_jobs": 999999,
    "lyapunov_drift": 206167.0,
    "lyapunov_v": 179437893937.0,
    "throughput": 1.0,
    "utilization": 0.999999
  },
  "queue": {
    "max": 107340.0,
    "mean": 52859.43605,
    "median": 9999.0,
    "min": 0.0,
    "std_dev": 30587.64348345075,
    "variance": 935603933.870687
  },
  "scheduler_diag": {
    "avg_entropy": 2.7211801935497983,
    "avg_score_variance": 0.0625,
    "context_switch_rate": 0.999998999999,
    "total_throughput": 0.999999
  },
  "stability": {
    "oscillation_frequency": 37.074000000000005,
    "time_to_steady_state": -1.0
  }
}