{
  "config": {
    "M": 10.0,
    "alpha": 0.1,
    "arrival_rate": 0.6,
    "beta": 0.1,
    "num_processes": 16,
    "scheduler": "fcfs",
    "seed": 999,
    "service_rate": 1.0,
    "ticks": 1000000,
    "workload": "poisson"
  },
  "fairness": {
    "jain_index": 0.12011766493830765,
    "max_starvation": 1000000.0,
    "starvation_events": 14
  },
  "latency": {
    "avg_turnaround": 67081.70791170791,
    "avg_waiting_time": 67080.70791170791,
    "max_waiting_time": 335840.0,
    "p50_waiting_time": 0.0,
    "p95_waiting_time": 293500.0,
    "p99_waiting_time": 327100.0
  },
  "online": {
    "completed_jobs": 999999,
    "lyapunov_drift": 7603581.0,
    "lyapunov_v": 5080110138620.0,
    "throughput": 1.0,
    "utilization": 0.999999
  },
  "queue": {
    "max": 600948.0,
    "mean": 268816.894860625,
    "median": 9999.0,
    "min": 0.0,
    "std_dev": 183239.79434995784,
    "variance": 33576822233.41484
  },
  "scheduler_diag": {
    "avg_entropy": 2.5622374535959165,
    "avg_score_variance": null,
    "context_switch_rate": 0.360984360984361,
    "total_throughput": 0.999999
  },
  "stability": {
    "oscillation_frequency": 0.02,
    "time_to_steady_state": -1.0
  }
}