{
  "config": {
    "M": 10.0,
    "alpha": 0.1,
    "arrival_rate": 0.9,
    "beta": 0.1,
    "num_processes": 16,
    "scheduler": "cmu",
    "seed": 42,
    "service_rate": 1.0,
    "ticks": 1000000,
    "workload": "poisson"
  },
  "fairness": {
    "jain_index": 0.07637864784307302,
    "max_starvation": 1000000.0,
    "starvation_events": 1717
  },
  "latency": {
    "avg_turnaround": 44780.36326736327,
    "avg_waiting_time": 44779.36326736327,
    "max_waiting_time": 887101.0,
    "p50_waiting_time": 0.0,
    "p95_waiting_time": 447400.0,
    "p99_waiting_time": 797100.0
  },
  "online": {
    "completed_jobs": 999999,
    "lyapunov_drift": 21585948.0,
    "lyapunov_v": 11970351390091.0,
    "throughput": 1.0,
    "utilization": 0.999999
  },
  "queue": {
    "max": 901503.0,
    "mean": 418624.533703125,
    "median": 9999.0,
    "min": 0.0,
    "std_dev": 272346.7711435298,
    "variance": 74172763752.30618
  },
  "scheduler_diag": {
    "avg_entropy": 2.772588722264898,
    "avg_score_variance": 0.0,
    "context_switch_rate": 0.11959211959211959,
    "total_throughput": 0.999999
  },
  "stability": {
    "oscillation_frequency": 0.0,
    "time_to_steady_state": -1.0
  }
}