{
  "config": {
    "M": 10.0,
    "alpha": 0.1,
    "arrival_rate": 0.6,
    "beta": 0.1,
    "num_processes": 16,
    "scheduler": "embi_unclipped",
    "seed": 42,
    "service_rate": 1.0,
    "ticks": 1000000,
    "workload": "bursty"
  },
  "fairness": {
    "jain_index": 0.9998286433143744,
    "max_starvation": 2797.0,
    "starvation_events": 35617
  },
  "latency": {
    "avg_turnaround": 313320.9235489236,
    "avg_waiting_time": 313319.9235489236,
    "max_waiting_time": 635377.0,
    "p50_waiting_time": 313100.0,
    "p95_waiting_time": 596700.0,
    "p99_waiting_time": 621000.0
  },
  "online": {
    "completed_jobs": 999999,
    "lyapunov_drift": 421212.0,
    "lyapunov_v": 177460409368.0,
    "throughput": 1.0,
    "utilization": 0.999999
  },
  "queue": {
    "max": 105321.0,
    "mean": 52611.395810625,
    "median": 9999.0,
    "min": 0.0,
    "std_dev": 30443.181568075983,
    "variance": 926787303.9868412
  },
  "scheduler_diag": {
    "avg_entropy": 1.0268024979165908,
    "avg_score_variance": 124.09824251999791,
    "context_switch_rate": 0.6727476727476728,
    "total_throughput": 0.999999
  },
  "stability": {
    "oscillation_frequency": 38.468,
    "time_to_steady_state": -1.0
  }
}