{
  "config": {
    "M": 10.0,
    "alpha": 0.1,
    "arrival_rate": 0.1,
    "beta": 0.1,
    "num_processes": 16,
    "scheduler": "cmu",
    "seed": 456,
    "service_rate": 1.0,
    "ticks": 1000000,
    "workload": "poisson"
  },
  "fairness": {
    "jain_index": 0.6267173772411628,
    "max_starvation": 1000000.0,
    "starvation_events": 2190
  },
  "latency": {
    "avg_turnaround": 721.7463937463938,
    "avg_waiting_time": 720.7463937463938,
    "max_waiting_time": 687815.0,
    "p50_waiting_time": 0.0,
    "p95_waiting_time": 2500.0,
    "p99_waiting_time": 6700.0
  },
  "online": {
    "completed_jobs": 999999,
    "lyapunov_drift": 400711.0,
    "lyapunov_v": 59635444328.0,
    "throughput": 1.0,
    "utilization": 0.999999
  },
  "queue": {
    "max": 100431.0,
    "mean": 18681.361691875,
    "median": 1.0,
    "min": 0.0,
    "std_dev": 29836.697669917172,
    "variance": 890228527.8460407
  },
  "scheduler_diag": {
    "avg_entropy": 2.772588722264898,
    "avg_score_variance": 0.0,
    "context_switch_rate": 0.800951800951801,
    "total_throughput": 0.999999
  },
  "stability": {
    "oscillation_frequency": 32.552,
    "time_to_steady_state": -1.0
  }
}