{
  "config": {
    "M": 10.0,
    "alpha": 0.1,
    "arrival_rate": 0.3,
    "beta": 0.1,
    "num_processes": 16,
    "scheduler": "rr",
    "seed": 123,
    "service_rate": 1.0,
    "ticks": 1000000,
    "workload": "poisson"
  },
  "fairness": {
    "jain_index": 0.9999999999209996,
    "max_starvation": 25.0,
    "starvation_events": 0
  },
  "latency": {
    "avg_turnaround": 395808.0363810364,
    "avg_waiting_time": 395807.0363810364,
    "max_waiting_time": 794265.0,
    "p50_waiting_time": 395700.0,
    "p95_waiting_time": 752000.0,
    "p99_waiting_time": 783700.0
  },
  "online": {
    "completed_jobs": 999999,
    "lyapunov_drift": 1899042.0,
    "lyapunov_v": 903503221346.0,
    "throughput": 1.0,
    "utilization": 0.999999
  },
  "queue": {
    "max": 238560.0,
    "mean": 118840.0690675,
    "median": 9999.0,
    "min": 0.0,
    "std_dev": 68632.23339377754,
    "variance": 4710383460.617952
  },
  "scheduler_diag": {
    "avg_entropy": 2.7211801935497983,
    "avg_score_variance": 0.0625,
    "context_switch_rate": 0.999998999999,
    "total_throughput": 0.999999
  },
  "stability": {
    "oscillation_frequency": 4.8580000000000005,
    "time_to_steady_state": -1.0
  }
}