{
  "config": {
    "M": 10.0,
    "alpha": 0.1,
    "arrival_rate": 0.8,
    "beta": 0.1,
    "num_processes": 16,
    "scheduler": "rr",
    "seed": 123,
    "service_rate": 1.0,
    "ticks": 1000000,
    "workload": "poisson"
  },
  "fairness": {
    "jain_index": 0.9999999999849999,
    "max_starvation": 18.0,
    "starvation_events": 0
  },
  "latency": {
    "avg_turnaround": 460929.15266915265,
    "avg_waiting_time": 460928.15266915265,
    "max_waiting_time": 922272.0,
    "p50_waiting_time": 460900.0,
    "p95_waiting_time": 875700.0,
    "p99_waiting_time": 912600.0
  },
  "online": {
    "completed_jobs": 999999,
    "lyapunov_drift": 10320875.0,
    "lyapunov_v": 8695723352402.0,
    "throughput": 1.0,
    "utilization": 0.999999
  },
  "queue": {
    "max": 739288.0,
    "mean": 368751.474271875,
    "median": 9999.0,
    "min": 0.0,
    "std_dev": 212800.1788989634,
    "variance": 45283916139.43083
  },
  "scheduler_diag": {
    "avg_entropy": 2.7211801935497983,
    "avg_score_variance": 0.0625,
    "context_switch_rate": 0.999998999999,
    "total_throughput": 0.999999
  },
  "stability": {
    "oscillation_frequency": 0.004,
    "time_to_steady_state": -1.0
  }
}