{
  "config": {
    "M": 10.0,
    "alpha": 0.1,
    "arrival_rate": 0.7,
    "beta": 0.1,
    "num_processes": 16,
    "scheduler": "maxweight",
    "seed": 789,
    "service_rate": 1.0,
    "ticks": 1000000,
    "workload": "poisson"
  },
  "fairness": {
    "jain_index": 0.9997979009769917,
    "max_starvation": 2605.0,
    "starvation_events": 32849
  },
  "latency": {
    "avg_turnaround": 455226.4771254771,
    "avg_waiting_time": 455225.4771254771,
    "max_waiting_time": 912937.0,
    "p50_waiting_time": 455300.0,
    "p95_waiting_time": 864700.0,
    "p99_waiting_time": 901200.0
  },
  "online": {
    "completed_jobs": 999999,
    "lyapunov_drift": 16571725.0,
    "lyapunov_v": 6499901809964.0,
    "throughput": 1.0,
    "utilization": 0.999999
  },
  "queue": {
    "max": 637370.0,
    "mean": 318650.775885625,
    "median": 9999.0,
    "min": 0.0,
    "std_dev": 183984.79953131566,
    "variance": 33850406458.578415
  },
  "scheduler_diag": {
    "avg_entropy": 1.50256665508685,
    "avg_score_variance": 29.094872044871593,
    "context_switch_rate": 0.6885366885366886,
    "total_throughput": 0.999999
  },
  "stability": {
    "oscillation_frequency": 0.044,
    "time_to_steady_state": -1.0
  }
}