{
  "config": {
    "M": 10.0,
    "alpha": 0.1,
    "arrival_rate": 0.9,
    "beta": 0.1,
    "num_processes": 16,
    "scheduler": "embi_unclipped",
    "seed": 456,
    "service_rate": 1.0,
    "ticks": 1000000,
    "workload": "poisson"
  },
  "fairness": {
    "jain_index": 0.9999601405341181,
    "max_starvation": 2701.0,
    "starvation_events": 33447
  },
  "latency": {
    "avg_turnaround": 465220.4717824718,
    "avg_waiting_time": 465219.4717824718,
    "max_waiting_time": 931468.0,
    "p50_waiting_time": 465200.0,
    "p95_waiting_time": 883900.0,
    "p99_waiting_time": 921000.0
  },
  "online": {
    "completed_jobs": 999999,
    "lyapunov_drift": 21763525.0,
    "lyapunov_v": 11210692682497.0,
    "throughput": 1.0,
    "utilization": 0.999999
  },
  "queue": {
    "max": 837056.0,
    "mean": 418617.7782475,
    "median": 9999.0,
    "min": 0.0,
    "std_dev": 241668.58019051404,
    "variance": 58403702651.29892
  },
  "scheduler_diag": {
    "avg_entropy": 0.7437973358565136,
    "avg_score_variance": 194.93671058390265,
    "context_switch_rate": 0.6226746226746227,
    "total_throughput": 0.999999
  },
  "stability": {
    "oscillation_frequency": 0.0,
    "time_to_steady_state": -1.0
  }
}