{
  "config": {
    "M": 10.0,
    "alpha": 0.1,
    "arrival_rate": 0.8,
    "beta": 0.1,
    "num_processes": 16,
    "scheduler": "maxweight",
    "seed": 999,
    "service_rate": 1.0,
    "ticks": 1000000,
    "workload": "poisson"
  },
  "fairness": {
    "jain_index": 0.9998786475584683,
    "max_starvation": 2585.0,
    "starvation_events": 32890
  },
  "latency": {
    "avg_turnaround": 461041.0428360428,
    "avg_waiting_time": 461040.0428360428,
    "max_waiting_time": 923823.0,
    "p50_waiting_time": 460900.0,
    "p95_waiting_time": 876000.0,
    "p99_waiting_time": 912700.0
  },
  "online": {
    "completed_jobs": 999999,
    "lyapunov_drift": 14751496.0,
    "lyapunov_v": 8704253863673.0,
    "throughput": 1.0,
    "utilization": 0.999999
  },
  "queue": {
    "max": 737573.0,
    "mean": 368814.79892750003,
    "median": 9999.0,
    "min": 0.0,
    "std_dev": 212887.31698041278,
    "variance": 45321009731.118744
  },
  "scheduler_diag": {
    "avg_entropy": 1.4116658640046578,
    "avg_score_variance": 38.84279637613007,
    "context_switch_rate": 0.6687736687736687,
    "total_throughput": 0.999999
  },
  "stability": {
    "oscillation_frequency": 0.01,
    "time_to_steady_state": -1.0
  }
}