{
  "config": {
    "M": 10.0,
    "alpha": 0.1,
    "arrival_rate": 0.8,
    "beta": 0.1,
    "num_processes": 16,
    "scheduler": "fcfs",
    "seed": 789,
    "service_rate": 1.0,
    "ticks": 1000000,
    "workload": "uniform"
  },
  "fairness": {
    "jain_index": 0.09193207206799384,
    "max_starvation": 1000000.0,
    "starvation_events": 14
  },
  "latency": {
    "avg_turnaround": 74949.89801089802,
    "avg_waiting_time": 74948.89801089802,
    "max_waiting_time": 749615.0,
    "p50_waiting_time": 0.0,
    "p95_waiting_time": 561400.0,
    "p99_waiting_time": 711900.0
  },
  "online": {
    "completed_jobs": 999999,
    "lyapunov_drift": 16400256.0,
    "lyapunov_v": 9317497214402.0,
    "throughput": 1.0,
    "utilization": 0.999999
  },
  "queue": {
    "max": 800489.0,
    "mean": 368681.20273875,
    "median": 9999.0,
    "min": 0.0,
    "std_dev": 241200.59764379694,
    "variance": 58177728303.72482
  },
  "scheduler_diag": {
    "avg_entropy": 2.637389330735671,
    "avg_score_variance": null,
    "context_switch_rate": 0.40024940024940026,
    "total_throughput": 0.999999
  },
  "stability": {
    "oscillation_frequency": 0.0,
    "time_to_steady_state": -1.0
  }
}