{
  "config": {
    "M": 10.0,
    "alpha": 0.1,
    "arrival_rate": 0.3,
    "beta": 0.1,
    "num_processes": 16,
    "scheduler": "embi",
    "seed": 789,
    "service_rate": 1.0,
    "ticks": 1000000,
    "workload": "poisson"
  },
  "fairness": {
    "jain_index": 0.9999546267530744,
    "max_starvation": 1214.0,
    "starvation_events": 28029
  },
  "latency": {
    "avg_turnaround": 395542.5062285062,
    "avg_waiting_time": 395541.5062285062,
    "max_waiting_time": 793894.0,
    "p50_waiting_time": 395400.0,
    "p95_waiting_time": 751500.0,
    "p99_waiting_time": 783200.0
  },
  "online": {
    "completed_jobs": 999999,
    "lyapunov_drift": 1899800.0,
    "lyapunov_v": 902311909854.0,
    "throughput": 1.0,
    "utilization": 0.999999
  },
  "queue": {
    "max": 237475.0,
    "mean": 118692.240443125,
    "median": 9999.0,
    "min": 0.0,
    "std_dev": 68603.90170843604,
    "variance": 4706495329.620752
  },
  "scheduler_diag": {
    "avg_entropy": 1.3410460638122172,
    "avg_score_variance": 20.443442845643215,
    "context_switch_rate": 0.7763707763707763,
    "total_throughput": 0.999999
  },
  "stability": {
    "oscillation_frequency": 5.8500000000000005,
    "time_to_steady_state": -1.0
  }
}