{
  "config": {
    "M": 10.0,
    "alpha": 0.1,
    "arrival_rate": 0.4,
    "beta": 0.1,
    "num_processes": 16,
    "scheduler": "maxweight",
    "seed": 999,
    "service_rate": 1.0,
    "ticks": 1000000,
    "workload": "poisson"
  },
  "fairness": {
    "jain_index": 0.9999090826618626,
    "max_starvation": 1321.0,
    "starvation_events": 29764
  },
  "latency": {
    "avg_turnaround": 422084.1359091359,
    "avg_waiting_time": 422083.1359091359,
    "max_waiting_time": 846720.0,
    "p50_waiting_time": 421900.0,
    "p95_waiting_time": 801800.0,
    "p99_waiting_time": 835600.0
  },
  "online": {
    "completed_jobs": 999999,
    "lyapunov_drift": 2024909.0,
    "lyapunov_v": 1822362977729.0,
    "throughput": 1.0,
    "utilization": 0.999999
  },
  "queue": {
    "max": 337486.0,
    "mean": 168820.223305,
    "median": 9999.0,
    "min": 0.0,
    "std_dev": 97395.3045102146,
    "variance": 9485845340.637428
  },
  "scheduler_diag": {
    "avg_entropy": 1.8802463052282252,
    "avg_score_variance": 9.215662357328814,
    "context_switch_rate": 0.7706407706407706,
    "total_throughput": 0.999999
  },
  "stability": {
    "oscillation_frequency": 1.6219999999999999,
    "time_to_steady_state": -1.0
  }
}