{
  "config": {
    "M": 10.0,
    "alpha": 0.1,
    "arrival_rate": 0.7,
    "beta": 0.1,
    "num_processes": 16,
    "scheduler": "cmu",
    "seed": 999,
    "service_rate": 1.0,
    "ticks": 1000000,
    "workload": "poisson"
  },
  "fairness": {
    "jain_index": 0.1080000464291547,
    "max_starvation": 1000000.0,
    "starvation_events": 27
  },
  "latency": {
    "avg_turnaround": 86436.35870935871,
    "avg_waiting_time": 86435.35870935871,
    "max_waiting_time": 569932.0,
    "p50_waiting_time": 0.0,
    "p95_waiting_time": 476900.0,
    "p99_waiting_time": 550200.0
  },
  "online": {
    "completed_jobs": 999999,
    "lyapunov_drift": 17603246.0,
    "lyapunov_v": 7022543782494.0,
    "throughput": 1.0,
    "utilization": 0.999999
  },
  "queue": {
    "max": 701132.0,
    "mean": 318814.324656875,
    "median": 9999.0,
    "min": 0.0,
    "std_dev": 211312.27884348205,
    "variance": 44652879190.02551
  },
  "scheduler_diag": {
    "avg_entropy": 2.772588722264898,
    "avg_score_variance": 0.0,
    "context_switch_rate": 0.3036623036623037,
    "total_throughput": 0.999999
  },
  "stability": {
    "oscillation_frequency": 0.0,
    "time_to_steady_state": -1.0
  }
}