{
  "config": {
    "M": 10.0,
    "alpha": 0.1,
    "arrival_rate": 0.2,
    "beta": 0.1,
    "num_processes": 16,
    "scheduler": "embi_unclipped",
    "seed": 42,
    "service_rate": 1.0,
    "ticks": 1000000,
    "workload": "heavy_tail"
  },
  "fairness": {
    "jain_index": 0.9956776929275124,
    "max_starvation": 97340.0,
    "starvation_events": 18930
  },
  "latency": {
    "avg_turnaround": 405579.38418476837,
    "avg_waiting_time": 405578.38418476837,
    "max_waiting_time": 836472.0,
    "p50_waiting_time": 403600.0,
    "p95_waiting_time": 771500.0,
    "p99_waiting_time": 806500.0
  },
  "online": {
    "completed_jobs": 999998,
    "lyapunov_drift": 4909283.0,
    "lyapunov_v": 1190164847891.0,
    "throughput": 1.0,
    "utilization": 0.999998
  },
  "queue": {
    "max": 272757.0,
    "mean": 135853.7318275,
    "median": 9999.0,
    "min": 0.0,
    "std_dev": 78719.30089160737,
    "variance": 6196728332.863419
  },
  "scheduler_diag": {
    "avg_entropy": 1.170252172199613,
    "avg_score_variance": 558758.7406300801,
    "context_switch_rate": 0.8098326196652393,
    "total_throughput": 0.999998
  },
  "stability": {
    "oscillation_frequency": 1.5399999999999998,
    "time_to_steady_state": -1.0
  }
}