{
  "config": {
    "M": 10.0,
    "alpha": 0.1,
    "arrival_rate": 0.4,
    "beta": 0.1,
    "num_processes": 16,
    "scheduler": "rr",
    "seed": 123,
    "service_rate": 1.0,
    "ticks": 1000000,
    "workload": "poisson"
  },
  "fairness": {
    "jain_index": 0.9999999999529998,
    "max_starvation": 19.0,
    "starvation_events": 0
  },
  "latency": {
    "avg_turnaround": 421856.7674307674,
    "avg_waiting_time": 421855.7674307674,
    "max_waiting_time": 845185.0,
    "p50_waiting_time": 421800.0,
    "p95_waiting_time": 801500.0,
    "p99_waiting_time": 835300.0
  },
  "online": {
    "completed_jobs": 999999,
    "lyapunov_drift": 3375177.0,
    "lyapunov_v": 1823687777990.0,
    "throughput": 1.0,
    "utilization": 0.999999
  },
  "queue": {
    "max": 338851.0,
    "mean": 168852.61496625,
    "median": 9999.0,
    "min": 0.0,
    "std_dev": 97485.63150869792,
    "variance": 9503448350.649635
  },
  "scheduler_diag": {
    "avg_entropy": 2.7211801935497983,
    "avg_score_variance": 0.0625,
    "context_switch_rate": 0.999998999999,
    "total_throughput": 0.999999
  },
  "stability": {
    "oscillation_frequency": 1.198,
    "time_to_steady_state": -1.0
  }
}