{
  "config": {
    "M": 10.0,
    "alpha": 0.1,
    "arrival_rate": 0.3,
    "beta": 0.1,
    "num_processes": 16,
    "scheduler": "maxweight",
    "seed": 789,
    "service_rate": 1.0,
    "ticks": 1000000,
    "workload": "poisson"
  },
  "fairness": {
    "jain_index": 0.9999546530867383,
    "max_starvation": 1334.0,
    "starvation_events": 26576
  },
  "latency": {
    "avg_turnaround": 395542.50842350844,
    "avg_waiting_time": 395541.50842350844,
    "max_waiting_time": 793947.0,
    "p50_waiting_time": 395400.0,
    "p95_waiting_time": 751500.0,
    "p99_waiting_time": 783200.0
  },
  "online": {
    "completed_jobs": 999999,
    "lyapunov_drift": 1899800.0,
    "lyapunov_v": 902311909838.0,
    "throughput": 1.0,
    "utilization": 0.999999
  },
  "queue": {
    "max": 237475.0,
    "mean": 118692.240443125,
    "median": 9999.0,
    "min": 0.0,
    "std_dev": 68603.9017084893,
    "variance": 4706495329.628061
  },
  "scheduler_diag": {
    "avg_entropy": 2.0603430679221866,
    "avg_score_variance": 4.983339970840058,
    "context_switch_rate": 0.8083198083198083,
    "total_throughput": 0.999999
  },
  "stability": {
    "oscillation_frequency": 5.8580000000000005,
    "time_to_steady_state": -1.0
  }
}