{
  "config": {
    "M": 10.0,
    "alpha": 0.1,
    "arrival_rate": 0.2,
    "beta": 0.1,
    "num_processes": 16,
    "scheduler": "cmu",
    "seed": 789,
    "service_rate": 1.0,
    "ticks": 1000000,
    "workload": "heavy_tail"
  },
  "fairness": {
    "jain_index": 0.1999127328205642,
    "max_starvation": 1000000.0,
    "starvation_events": 242
  },
  "latency": {
    "avg_turnaround": 12217.405680811362,
    "avg_waiting_time": 12216.405680811362,
    "max_waiting_time": 496882.0,
    "p50_waiting_time": 0.0,
    "p95_waiting_time": 15100.0,
    "p99_waiting_time": 294600.0
  },
  "online": {
    "completed_jobs": 999998,
    "lyapunov_drift": 1254892.0,
    "lyapunov_v": 1430004936859.0,
    "throughput": 1.0,
    "utilization": 0.999998
  },
  "queue": {
    "max": 339918.0,
    "mean": 134558.8441275,
    "median": 9999.0,
    "min": 0.0,
    "std_dev": 107662.53226237277,
    "variance": 11591220853.146458
  },
  "scheduler_diag": {
    "avg_entropy": 2.772588722264898,
    "avg_score_variance": 0.0,
    "context_switch_rate": 0.5341820683641367,
    "total_throughput": 0.999998
  },
  "stability": {
    "oscillation_frequency": 0.30200000000000005,
    "time_to_steady_state": -1.0
  }
}