{
  "config": {
    "M": 10.0,
    "alpha": 0.1,
    "arrival_rate": 0.8,
    "beta": 0.1,
    "num_processes": 16,
    "scheduler": "cmu",
    "seed": 456,
    "service_rate": 1.0,
    "ticks": 1000000,
    "workload": "heavy_tail"
  },
  "fairness": {
    "jain_index": 0.19029295688114398,
    "max_starvation": 1000000.0,
    "starvation_events": 221
  },
  "latency": {
    "avg_turnaround": 6397.608221216443,
    "avg_waiting_time": 6396.608221216443,
    "max_waiting_time": 151785.0,
    "p50_waiting_time": 0.0,
    "p95_waiting_time": 32900.0,
    "p99_waiting_time": 37100.0
  },
  "online": {
    "completed_jobs": 999998,
    "lyapunov_drift": 3305651.0,
    "lyapunov_v": 1438488921729.0,
    "throughput": 1.0,
    "utilization": 0.999998
  },
  "queue": {
    "max": 340023.0,
    "mean": 135110.933095,
    "median": 9999.0,
    "min": 0.0,
    "std_dev": 107724.23403208135,
    "variance": 11604510597.798634
  },
  "scheduler_diag": {
    "avg_entropy": 2.772588722264898,
    "avg_score_variance": 0.0,
    "context_switch_rate": 0.537009074018148,
    "total_throughput": 0.999998
  },
  "stability": {
    "oscillation_frequency": 0.3,
    "time_to_steady_state": -1.0
  }
}