{
  "config": {
    "M": 10.0,
    "alpha": 0.1,
    "arrival_rate": 0.9,
    "beta": 0.1,
    "num_processes": 16,
    "scheduler": "cmu",
    "seed": 789,
    "service_rate": 1.0,
    "ticks": 1000000,
    "workload": "bursty"
  },
  "fairness": {
    "jain_index": 0.37509522126578626,
    "max_starvation": 1000000.0,
    "starvation_events": 3286
  },
  "latency": {
    "avg_turnaround": 4495.5120145120145,
    "avg_waiting_time": 4494.5120145120145,
    "max_waiting_time": 51476.0,
    "p50_waiting_time": 0.0,
    "p95_waiting_time": 38300.0,
    "p99_waiting_time": 49100.0
  },
  "online": {
    "completed_jobs": 999999,
    "lyapunov_drift": -3.0,
    "lyapunov_v": 283248243719.0,
    "throughput": 1.0,
    "utilization": 0.999999
  },
  "queue": {
    "max": 170115.0,
    "mean": 52883.35327375,
    "median": 9999.0,
    "min": 0.0,
    "std_dev": 55695.75243754944,
    "variance": 3102016839.584794
  },
  "scheduler_diag": {
    "avg_entropy": 2.772588722264898,
    "avg_score_variance": 0.0,
    "context_switch_rate": 0.3641783641783642,
    "total_throughput": 0.999999
  },
  "stability": {
    "oscillation_frequency": 26.139,
    "time_to_steady_state": -1.0
  }
}