{
  "config": {
    "M": 10.0,
    "alpha": 0.1,
    "arrival_rate": 0.4,
    "beta": 0.1,
    "num_processes": 16,
    "scheduler": "cmu",
    "seed": 999,
    "service_rate": 1.0,
    "ticks": 1000000,
    "workload": "poisson"
  },
  "fairness": {
    "jain_index": 0.1732743087335182,
    "max_starvation": 1000000.0,
    "starvation_events": 334
  },
  "latency": {
    "avg_turnaround": 50139.687604687606,
    "avg_waiting_time": 50138.687604687606,
    "max_waiting_time": 504637.0,
    "p50_waiting_time": 0.0,
    "p95_waiting_time": 379700.0,
    "p99_waiting_time": 480300.0
  },
  "online": {
    "completed_jobs": 999999,
    "lyapunov_drift": 2402033.0,
    "lyapunov_v": 2119153464013.0,
    "throughput": 1.0,
    "utilization": 0.999999
  },
  "queue": {
    "max": 400827.0,
    "mean": 168820.223305,
    "median": 9999.0,
    "min": 0.0,
    "std_dev": 125190.87412549689,
    "variance": 15672754964.306007
  },
  "scheduler_diag": {
    "avg_entropy": 2.772588722264898,
    "avg_score_variance": 0.0,
    "context_switch_rate": 0.5094975094975095,
    "total_throughput": 0.999999
  },
  "stability": {
    "oscillation_frequency": 0.29,
    "time_to_steady_state": -1.0
  }
}