{
  "config": {
    "M": 10.0,
    "alpha": 0.1,
    "arrival_rate": 0.2,
    "beta": 0.1,
    "num_processes": 16,
    "scheduler": "fcfs",
    "seed": 123,
    "service_rate": 1.0,
    "ticks": 1000000,
    "workload": "heavy_tail"
  },
  "fairness": {
    "jain_index": 0.1875233453993406,
    "max_starvation": 1000000.0,
    "starvation_events": 218
  },
  "latency": {
    "avg_turnaround": 9458.253243506488,
    "avg_waiting_time": 9457.253243506488,
    "max_waiting_time": 66574.0,
    "p50_waiting_time": 0.0,
    "p95_waiting_time": 44700.0,
    "p99_waiting_time": 62300.0
  },
  "online": {
    "completed_jobs": 999998,
    "lyapunov_drift": 4735872.0,
    "lyapunov_v": 1454273050846.0,
    "throughput": 1.0,
    "utilization": 0.999998
  },
  "queue": {
    "max": 338940.0,
    "mean": 136080.37024625,
    "median": 9999.0,
    "min": 0.0,
    "std_dev": 107845.6104865933,
    "variance": 11630675701.226002
  },
  "scheduler_diag": {
    "avg_entropy": 2.5169826815103113,
    "avg_score_variance": null,
    "context_switch_rate": 0.5401270802541606,
    "total_throughput": 0.999998
  },
  "stability": {
    "oscillation_frequency": 0.29,
    "time_to_steady_state": -1.0
  }
}