{
  "config": {
    "M": 10.0,
    "alpha": 0.1,
    "arrival_rate": 0.8,
    "beta": 0.1,
    "num_processes": 16,
    "scheduler": "maxweight",
    "seed": 123,
    "service_rate": 1.0,
    "ticks": 1000000,
    "workload": "poisson"
  },
  "fairness": {
    "jain_index": 0.9996988626695524,
    "max_starvation": 3243.0,
    "starvation_events": 32843
  },
  "latency": {
    "avg_turnaround": 460917.85881485883,
    "avg_waiting_time": 460916.85881485883,
    "max_waiting_time": 923159.0,
    "p50_waiting_time": 460900.0,
    "p95_waiting_time": 875700.0,
    "p99_waiting_time": 912600.0
  },
  "online": {
    "completed_jobs": 999999,
    "lyapunov_drift": 10320989.0,
    "lyapunov_v": 8695704528440.0,
    "throughput": 1.0,
    "utilization": 0.999999
  },
  "queue": {
    "max": 737213.0,
    "mean": 368751.474271875,
    "median": 9999.0,
    "min": 0.0,
    "std_dev": 212798.9126035,
    "variance": 45283377205.23204
  },
  "scheduler_diag": {
    "avg_entropy": 1.4111144721620277,
    "avg_score_variance": 39.09856046106117,
    "context_switch_rate": 0.6681366681366682,
    "total_throughput": 0.999999
  },
  "stability": {
    "oscillation_frequency": 0.004,
    "time_to_steady_state": -1.0
  }
}