{
  "config": {
    "M": 10.0,
    "alpha": 0.1,
    "arrival_rate": 0.6,
    "beta": 0.1,
    "num_processes": 16,
    "scheduler": "maxweight",
    "seed": 123,
    "service_rate": 1.0,
    "ticks": 1000000,
    "workload": "poisson"
  },
  "fairness": {
    "jain_index": 0.9998937368255136,
    "max_starvation": 1862.0,
    "starvation_events": 32441
  },
  "latency": {
    "avg_turnaround": 447901.174004174,
    "avg_waiting_time": 447900.174004174,
    "max_waiting_time": 897469.0,
    "p50_waiting_time": 447800.0,
    "p95_waiting_time": 851000.0,
    "p99_waiting_time": 886900.0
  },
  "online": {
    "completed_jobs": 999999,
    "lyapunov_drift": 6448468.0,
    "lyapunov_v": 4620302961262.0,
    "throughput": 1.0,
    "utilization": 0.999999
  },
  "queue": {
    "max": 537369.0,
    "mean": 268816.865665625,
    "median": 9999.0,
    "min": 0.0,
    "std_dev": 155140.75547501977,
    "variance": 24068654009.35988
  },
  "scheduler_diag": {
    "avg_entropy": 1.6090873350914119,
    "avg_score_variance": 21.18064126397491,
    "context_switch_rate": 0.7131877131877132,
    "total_throughput": 0.999999
  },
  "stability": {
    "oscillation_frequency": 0.1,
    "time_to_steady_state": -1.0
  }
}