{
  "config": {
    "M": 10.0,
    "alpha": 0.1,
    "arrival_rate": 0.8,
    "beta": 0.1,
    "num_processes": 16,
    "scheduler": "rr",
    "seed": 789,
    "service_rate": 1.0,
    "ticks": 1000000,
    "workload": "poisson"
  },
  "fairness": {
    "jain_index": 0.9999999999529998,
    "max_starvation": 17.0,
    "starvation_events": 0
  },
  "latency": {
    "avg_turnaround": 460829.69655769656,
    "avg_waiting_time": 460828.69655769656,
    "max_waiting_time": 922329.0,
    "p50_waiting_time": 460700.0,
    "p95_waiting_time": 875500.0,
    "p99_waiting_time": 912400.0
  },
  "online": {
    "completed_jobs": 999999,
    "lyapunov_drift": 17705794.0,
    "lyapunov_v": 8698230311077.0,
    "throughput": 1.0,
    "utilization": 0.999999
  },
  "queue": {
    "max": 738778.0,
    "mean": 368642.421183125,
    "median": 9999.0,
    "min": 0.0,
    "std_dev": 212851.60951861978,
    "variance": 45305807674.66699
  },
  "scheduler_diag": {
    "avg_entropy": 2.7211801935497983,
    "avg_score_variance": 0.0625,
    "context_switch_rate": 0.999998999999,
    "total_throughput": 0.999999
  },
  "stability": {
    "oscillation_frequency": 0.004,
    "time_to_steady_state": -1.0
  }
}