{
  "config": {
    "M": 10.0,
    "alpha": 0.1,
    "arrival_rate": 0.2,
    "beta": 0.1,
    "num_processes": 16,
    "scheduler": "rr",
    "seed": 789,
    "service_rate": 1.0,
    "ticks": 1000000,
    "workload": "poisson"
  },
  "fairness": {
    "jain_index": 0.9999999998889996,
    "max_starvation": 30.0,
    "starvation_events": 0
  },
  "latency": {
    "avg_turnaround": 343315.0107640108,
    "avg_waiting_time": 343314.0107640108,
    "max_waiting_time": 689386.0,
    "p50_waiting_time": 343100.0,
    "p95_waiting_time": 652300.0,
    "p99_waiting_time": 679700.0
  },
  "online": {
    "completed_jobs": 999999,
    "lyapunov_drift": 1097882.0,
    "lyapunov_v": 302561786347.0,
    "throughput": 1.0,
    "utilization": 0.999999
  },
  "queue": {
    "max": 138798.0,
    "mean": 68664.52492625,
    "median": 9999.0,
    "min": 0.0,
    "std_dev": 39724.84782053573,
    "variance": 1578063534.3647223
  },
  "scheduler_diag": {
    "avg_entropy": 2.7211801935497983,
    "avg_score_variance": 0.0625,
    "context_switch_rate": 0.999998999999,
    "total_throughput": 0.999999
  },
  "stability": {
    "oscillation_frequency": 19.220000000000002,
    "time_to_steady_state": -1.0
  }
}