{
  "config": {
    "M": 10.0,
    "alpha": 0.1,
    "arrival_rate": 0.2,
    "beta": 0.1,
    "num_processes": 16,
    "scheduler": "cmu",
    "seed": 123,
    "service_rate": 1.0,
    "ticks": 1000000,
    "workload": "poisson"
  },
  "fairness": {
    "jain_index": 0.312569088786079,
    "max_starvation": 1000000.0,
    "starvation_events": 311
  },
  "latency": {
    "avg_turnaround": 745.9319449319449,
    "avg_waiting_time": 744.9319449319449,
    "max_waiting_time": 26835.0,
    "p50_waiting_time": 0.0,
    "p95_waiting_time": 5500.0,
    "p99_waiting_time": 7900.0
  },
  "online": {
    "completed_jobs": 999999,
    "lyapunov_drift": 1995772.0,
    "lyapunov_v": 440289173970.0,
    "throughput": 1.0,
    "utilization": 0.999999
  },
  "queue": {
    "max": 200533.0,
    "mean": 68800.465606875,
    "median": 9999.0,
    "min": 0.0,
    "std_dev": 66613.23949205353,
    "variance": 4437323675.62568
  },
  "scheduler_diag": {
    "avg_entropy": 2.772588722264898,
    "avg_score_variance": 0.0,
    "context_switch_rate": 0.6804606804606804,
    "total_throughput": 0.999999
  },
  "stability": {
    "oscillation_frequency": 8.052,
    "time_to_steady_state": -1.0
  }
}