{
  "config": {
    "M": 10.0,
    "alpha": 0.1,
    "arrival_rate": 0.2,
    "beta": 0.1,
    "num_processes": 16,
    "scheduler": "embi_unclipped",
    "seed": 999,
    "service_rate": 1.0,
    "ticks": 1000000,
    "workload": "poisson"
  },
  "fairness": {
    "jain_index": 0.9999410755954348,
    "max_starvation": 746.0,
    "starvation_events": 22098
  },
  "latency": {
    "avg_turnaround": 344176.3249383249,
    "avg_waiting_time": 344175.3249383249,
    "max_waiting_time": 693212.0,
    "p50_waiting_time": 344100.0,
    "p95_waiting_time": 653800.0,
    "p99_waiting_time": 681300.0
  },
  "online": {
    "completed_jobs": 999999,
    "lyapunov_drift": 550380.0,
    "lyapunov_v": 302925574591.0,
    "throughput": 1.0,
    "utilization": 0.999999
  },
  "queue": {
    "max": 137597.0,
    "mean": 68853.57084625,
    "median": 9999.0,
    "min": 0.0,
    "std_dev": 39705.093818438596,
    "variance": 1576494475.131011
  },
  "scheduler_diag": {
    "avg_entropy": 1.5931484151077362,
    "avg_score_variance": 8.755712189622919,
    "context_switch_rate": 0.8225468225468225,
    "total_throughput": 0.999999
  },
  "stability": {
    "oscillation_frequency": 17.402,
    "time_to_steady_state": -1.0
  }
}