{
  "config": {
    "M": 10.0,
    "alpha": 0.1,
    "arrival_rate": 0.4,
    "beta": 0.1,
    "num_processes": 16,
    "scheduler": "rr",
    "seed": 999,
    "service_rate": 1.0,
    "ticks": 1000000,
    "workload": "poisson"
  },
  "fairness": {
    "jain_index": 0.9999999999849999,
    "max_starvation": 19.0,
    "starvation_events": 0
  },
  "latency": {
    "avg_turnaround": 422090.92015892017,
    "avg_waiting_time": 422089.92015892017,
    "max_waiting_time": 845147.0,
    "p50_waiting_time": 422000.0,
    "p95_waiting_time": 801800.0,
    "p99_waiting_time": 835600.0
  },
  "online": {
    "completed_jobs": 999999,
    "lyapunov_drift": 2028365.0,
    "lyapunov_v": 1822368653677.0,
    "throughput": 1.0,
    "utilization": 0.999999
  },
  "queue": {
    "max": 338581.0,
    "mean": 168820.223305,
    "median": 9999.0,
    "min": 0.0,
    "std_dev": 97396.13945568359,
    "variance": 9486007980.870964
  },
  "scheduler_diag": {
    "avg_entropy": 2.7211801935497983,
    "avg_score_variance": 0.0625,
    "context_switch_rate": 0.999998999999,
    "total_throughput": 0.999999
  },
  "stability": {
    "oscillation_frequency": 1.3259999999999998,
    "time_to_steady_state": -1.0
  }
}