{
  "config": {
    "M": 10.0,
    "alpha": 0.1,
    "arrival_rate": 0.7,
    "beta": 0.1,
    "num_processes": 16,
    "scheduler": "embi",
    "seed": 123,
    "service_rate": 1.0,
    "ticks": 1000000,
    "workload": "uniform"
  },
  "fairness": {
    "jain_index": 0.999978010088586,
    "max_starvation": 510.0,
    "starvation_events": 9273
  },
  "latency": {
    "avg_turnaround": 460931.4157194157,
    "avg_waiting_time": 460930.4157194157,
    "max_waiting_time": 922593.0,
    "p50_waiting_time": 460900.0,
    "p95_waiting_time": 875700.0,
    "p99_waiting_time": 912600.0
  },
  "online": {
    "completed_jobs": 999999,
    "lyapunov_drift": 16223525.0,
    "lyapunov_v": 8700929195893.0,
    "throughput": 1.0,
    "utilization": 0.999999
  },
  "queue": {
    "max": 737428.0,
    "mean": 368764.866915625,
    "median": 9999.0,
    "min": 0.0,
    "std_dev": 212875.3461118642,
    "variance": 45315912982.24597
  },
  "scheduler_diag": {
    "avg_entropy": 1.8949407805409497,
    "avg_score_variance": 3.596601039723307,
    "context_switch_rate": 0.9209499209499209,
    "total_throughput": 0.999999
  },
  "stability": {
    "oscillation_frequency": 0.0,
    "time_to_steady_state": -1.0
  }
}