{
  "config": {
    "M": 10.0,
    "alpha": 0.1,
    "arrival_rate": 0.2,
    "beta": 0.1,
    "num_processes": 16,
    "scheduler": "fcfs",
    "seed": 123,
    "service_rate": 1.0,
    "ticks": 1000000,
    "workload": "poisson"
  },
  "fairness": {
    "jain_index": 0.3128942578369726,
    "max_starvation": 1000000.0,
    "starvation_events": 365
  },
  "latency": {
    "avg_turnaround": 944.8010668010668,
    "avg_waiting_time": 943.8010668010668,
    "max_waiting_time": 223738.0,
    "p50_waiting_time": 0.0,
    "p95_waiting_time": 6300.0,
    "p99_waiting_time": 7600.0
  },
  "online": {
    "completed_jobs": 999999,
    "lyapunov_drift": 1200746.0,
    "lyapunov_v": 440652917012.0,
    "throughput": 1.0,
    "utilization": 0.999999
  },
  "queue": {
    "max": 200966.0,
    "mean": 68800.465606875,
    "median": 9999.0,
    "min": 0.0,
    "std_dev": 66610.50472325356,
    "variance": 4436959339.486585
  },
  "scheduler_diag": {
    "avg_entropy": 1.4759780678744114,
    "avg_score_variance": null,
    "context_switch_rate": 0.67997367997368,
    "total_throughput": 0.999999
  },
  "stability": {
    "oscillation_frequency": 8.046,
    "time_to_steady_state": -1.0
  }
}