{
  "config": {
    "M": 10.0,
    "alpha": 0.1,
    "arrival_rate": 0.5,
    "beta": 0.1,
    "num_processes": 16,
    "scheduler": "embi_unclipped",
    "seed": 999,
    "service_rate": 1.0,
    "ticks": 1000000,
    "workload": "poisson"
  },
  "fairness": {
    "jain_index": 0.9998439555465342,
    "max_starvation": 1911.0,
    "starvation_events": 32170
  },
  "latency": {
    "avg_turnaround": 437663.9000829001,
    "avg_waiting_time": 437662.9000829001,
    "max_waiting_time": 877230.0,
    "p50_waiting_time": 437600.0,
    "p95_waiting_time": 831500.0,
    "p99_waiting_time": 866400.0
  },
  "online": {
    "completed_jobs": 999999,
    "lyapunov_drift": 4375741.0,
    "lyapunov_v": 3063511583802.0,
    "throughput": 1.0,
    "utilization": 0.999999
  },
  "queue": {
    "max": 437572.0,
    "mean": 218819.530625625,
    "median": 9999.0,
    "min": 0.0,
    "std_dev": 126275.17474270727,
    "variance": 15945419756.301254
  },
  "scheduler_diag": {
    "avg_entropy": 1.0408188608125635,
    "avg_score_variance": 60.06985313904433,
    "context_switch_rate": 0.7089087089087089,
    "total_throughput": 0.999999
  },
  "stability": {
    "oscillation_frequency": 0.416,
    "time_to_steady_state": -1.0
  }
}