{
  "config": {
    "M": 10.0,
    "alpha": 0.1,
    "arrival_rate": 0.1,
    "beta": 0.1,
    "num_processes": 16,
    "scheduler": "rr",
    "seed": 123,
    "service_rate": 1.0,
    "ticks": 1000000,
    "workload": "poisson"
  },
  "fairness": {
    "jain_index": 0.9999999995239982,
    "max_starvation": 51.0,
    "starvation_events": 0
  },
  "latency": {
    "avg_turnaround": 187428.78933557868,
    "avg_waiting_time": 187427.78933557868,
    "max_waiting_time": 379622.0,
    "p50_waiting_time": 187400.0,
    "p95_waiting_time": 356100.0,
    "p99_waiting_time": 371200.0
  },
  "online": {
    "completed_jobs": 999998,
    "lyapunov_drift": 510.0,
    "lyapunov_v": 22525824831.0,
    "throughput": 1.0,
    "utilization": 0.999998
  },
  "queue": {
    "max": 37993.0,
    "mean": 18750.3139775,
    "median": 9999.0,
    "min": 0.0,
    "std_dev": 10835.607335547258,
    "variance": 117410386.33016557
  },
  "scheduler_diag": {
    "avg_entropy": 2.7211801935497983,
    "avg_score_variance": 0.0625,
    "context_switch_rate": 0.999998999998,
    "total_throughput": 0.999998
  },
  "stability": {
    "oscillation_frequency": 44.68,
    "time_to_steady_state": -1.0
  }
}