{
  "config": {
    "M": 10.0,
    "alpha": 0.1,
    "arrival_rate": 0.5,
    "beta": 0.1,
    "num_processes": 16,
    "scheduler": "embi_unclipped",
    "seed": 789,
    "service_rate": 1.0,
    "ticks": 1000000,
    "workload": "poisson"
  },
  "fairness": {
    "jain_index": 0.9998433930333209,
    "max_starvation": 2406.0,
    "starvation_events": 32197
  },
  "latency": {
    "avg_turnaround": 437319.763037763,
    "avg_waiting_time": 437318.763037763,
    "max_waiting_time": 878281.0,
    "p50_waiting_time": 437300.0,
    "p95_waiting_time": 830800.0,
    "p99_waiting_time": 865900.0
  },
  "online": {
    "completed_jobs": 999999,
    "lyapunov_drift": 8745618.0,
    "lyapunov_v": 3059435642095.0,
    "throughput": 1.0,
    "utilization": 0.999999
  },
  "queue": {
    "max": 437279.0,
    "mean": 218695.3187075,
    "median": 9999.0,
    "min": 0.0,
    "std_dev": 126308.4791387842,
    "variance": 15953831902.352684
  },
  "scheduler_diag": {
    "avg_entropy": 1.040116570629105,
    "avg_score_variance": 58.833603764494995,
    "context_switch_rate": 0.7085107085107085,
    "total_throughput": 0.999999
  },
  "stability": {
    "oscillation_frequency": 0.416,
    "time_to_steady_state": -1.0
  }
}