{
  "config": {
    "M": 10.0,
    "alpha": 0.1,
    "arrival_rate": 0.1,
    "beta": 0.1,
    "num_processes": 16,
    "scheduler": "fcfs",
    "seed": 789,
    "service_rate": 1.0,
    "ticks": 1000000,
    "workload": "poisson"
  },
  "fairness": {
    "jain_index": 0.6273427763037288,
    "max_starvation": 1000000.0,
    "starvation_events": 2224
  },
  "latency": {
    "avg_turnaround": 774.4970314970315,
    "avg_waiting_time": 773.4970314970315,
    "max_waiting_time": 705576.0,
    "p50_waiting_time": 0.0,
    "p95_waiting_time": 1600.0,
    "p99_waiting_time": 7000.0
  },
  "online": {
    "completed_jobs": 999999,
    "lyapunov_drift": -1.0,
    "lyapunov_v": 59439582460.0,
    "throughput": 1.0,
    "utilization": 0.999999
  },
  "queue": {
    "max": 100194.0,
    "mean": 18627.039028125,
    "median": 1.0,
    "min": 0.0,
    "std_dev": 29760.70278959924,
    "variance": 885699430.53086
  },
  "scheduler_diag": {
    "avg_entropy": 0.6055522535297416,
    "avg_score_variance": null,
    "context_switch_rate": 0.801081801081801,
    "total_throughput": 0.999999
  },
  "stability": {
    "oscillation_frequency": 32.949,
    "time_to_steady_state": -1.0
  }
}