{
  "config": {
    "M": 10.0,
    "alpha": 0.1,
    "arrival_rate": 0.2,
    "beta": 0.1,
    "num_processes": 16,
    "scheduler": "fcfs",
    "seed": 456,
    "service_rate": 1.0,
    "ticks": 1000000,
    "workload": "poisson"
  },
  "fairness": {
    "jain_index": 0.31298075106807227,
    "max_starvation": 1000000.0,
    "starvation_events": 352
  },
  "latency": {
    "avg_turnaround": 900.9635399635399,
    "avg_waiting_time": 899.9635399635399,
    "max_waiting_time": 346433.0,
    "p50_waiting_time": 0.0,
    "p95_waiting_time": 6200.0,
    "p99_waiting_time": 8100.0
  },
  "online": {
    "completed_jobs": 999999,
    "lyapunov_drift": -1.0,
    "lyapunov_v": 439333341655.0,
    "throughput": 1.0,
    "utilization": 0.999999
  },
  "queue": {
    "max": 200537.0,
    "mean": 68705.932599375,
    "median": 9999.0,
    "min": 0.0,
    "std_dev": 66530.4380770904,
    "variance": 4426299190.729559
  },
  "scheduler_diag": {
    "avg_entropy": 1.7024196975753763,
    "avg_score_variance": null,
    "context_switch_rate": 0.681035681035681,
    "total_throughput": 0.999999
  },
  "stability": {
    "oscillation_frequency": 8.005,
    "time_to_steady_state": -1.0
  }
}