{
  "config": {
    "M": 10.0,
    "alpha": 0.1,
    "arrival_rate": 0.2,
    "beta": 0.1,
    "num_processes": 16,
    "scheduler": "embi",
    "seed": 456,
    "service_rate": 1.0,
    "ticks": 1000000,
    "workload": "poisson"
  },
  "fairness": {
    "jain_index": 0.9999662678714284,
    "max_starvation": 771.0,
    "starvation_events": 22027
  },
  "latency": {
    "avg_turnaround": 343495.9245759246,
    "avg_waiting_time": 343494.9245759246,
    "max_waiting_time": 689458.0,
    "p50_waiting_time": 343300.0,
    "p95_waiting_time": 652600.0,
    "p99_waiting_time": 680100.0
  },
  "online": {
    "completed_jobs": 999999,
    "lyapunov_drift": -274961.0,
    "lyapunov_v": 302408981863.0,
    "throughput": 1.0,
    "utilization": 0.999999
  },
  "queue": {
    "max": 137479.0,
    "mean": 68705.932599375,
    "median": 9999.0,
    "min": 0.0,
    "std_dev": 39712.08069797975,
    "variance": 1577049353.362856
  },
  "scheduler_diag": {
    "avg_entropy": 1.5937441762946305,
    "avg_score_variance": 8.739042261066443,
    "context_switch_rate": 0.8216908216908216,
    "total_throughput": 0.999999
  },
  "stability": {
    "oscillation_frequency": 17.416999999999998,
    "time_to_steady_state": -1.0
  }
}