{
  "config": {
    "M": 10.0,
    "alpha": 0.1,
    "arrival_rate": 0.1,
    "beta": 0.1,
    "num_processes": 16,
    "scheduler": "cmu",
    "seed": 42,
    "service_rate": 1.0,
    "ticks": 1000000,
    "workload": "heavy_tail"
  },
  "fairness": {
    "jain_index": 0.18777975807471683,
    "max_starvation": 1000000.0,
    "starvation_events": 217
  },
  "latency": {
    "avg_turnaround": 5676.630428260856,
    "avg_waiting_time": 5675.630428260856,
    "max_waiting_time": 57269.0,
    "p50_waiting_time": 0.0,
    "p95_waiting_time": 35400.0,
    "p99_waiting_time": 46600.0
  },
  "online": {
    "completed_jobs": 999998,
    "lyapunov_drift": 5391597.0,
    "lyapunov_v": 1454772011031.0,
    "throughput": 1.0,
    "utilization": 0.999998
  },
  "queue": {
    "max": 340539.0,
    "mean": 135853.7318275,
    "median": 9999.0,
    "min": 0.0,
    "std_dev": 108258.13721728681,
    "variance": 11719824273.7569
  },
  "scheduler_diag": {
    "avg_entropy": 2.772588722264898,
    "avg_score_variance": 0.0,
    "context_switch_rate": 0.5389450778901558,
    "total_throughput": 0.999998
  },
  "stability": {
    "oscillation_frequency": 0.292,
    "time_to_steady_state": -1.0
  }
}