{
  "config": {
    "M": 10.0,
    "alpha": 0.1,
    "arrival_rate": 0.3,
    "beta": 0.1,
    "num_processes": 16,
    "scheduler": "maxweight",
    "seed": 123,
    "service_rate": 1.0,
    "ticks": 1000000,
    "workload": "poisson"
  },
  "fairness": {
    "jain_index": 0.9999431692772465,
    "max_starvation": 1131.0,
    "starvation_events": 26503
  },
  "latency": {
    "avg_turnaround": 395807.5532015532,
    "avg_waiting_time": 395806.5532015532,
    "max_waiting_time": 793251.0,
    "p50_waiting_time": 395600.0,
    "p95_waiting_time": 752100.0,
    "p99_waiting_time": 783600.0
  },
  "online": {
    "completed_jobs": 999999,
    "lyapunov_drift": 1901044.0,
    "lyapunov_v": 903499676744.0,
    "throughput": 1.0,
    "utilization": 0.999999
  },
  "queue": {
    "max": 237631.0,
    "mean": 118840.0690675,
    "median": 9999.0,
    "min": 0.0,
    "std_dev": 68630.88342708352,
    "variance": 4710198159.981928
  },
  "scheduler_diag": {
    "avg_entropy": 2.059398163686574,
    "avg_score_variance": 5.087525645859176,
    "context_switch_rate": 0.8078358078358079,
    "total_throughput": 0.999999
  },
  "stability": {
    "oscillation_frequency": 5.744,
    "time_to_steady_state": -1.0
  }
}