{
  "config": {
    "M": 10.0,
    "alpha": 0.1,
    "arrival_rate": 0.5,
    "beta": 0.1,
    "num_processes": 16,
    "scheduler": "maxweight",
    "seed": 456,
    "service_rate": 1.0,
    "ticks": 1000000,
    "workload": "poisson"
  },
  "fairness": {
    "jain_index": 0.9997823165459419,
    "max_starvation": 1735.0,
    "starvation_events": 31399
  },
  "latency": {
    "avg_turnaround": 437388.08737408736,
    "avg_waiting_time": 437387.08737408736,
    "max_waiting_time": 879351.0,
    "p50_waiting_time": 437300.0,
    "p95_waiting_time": 831000.0,
    "p99_waiting_time": 865900.0
  },
  "online": {
    "completed_jobs": 999999,
    "lyapunov_drift": 12247344.0,
    "lyapunov_v": 3061184141566.0,
    "throughput": 1.0,
    "utilization": 0.999999
  },
  "queue": {
    "max": 437407.0,
    "mean": 218687.470710625,
    "median": 9999.0,
    "min": 0.0,
    "std_dev": 126277.46321239407,
    "variance": 15945997715.357536
  },
  "scheduler_diag": {
    "avg_entropy": 1.734243398902337,
    "avg_score_variance": 15.023986236486639,
    "context_switch_rate": 0.7403527403527403,
    "total_throughput": 0.999999
  },
  "stability": {
    "oscillation_frequency": 0.398,
    "time_to_steady_state": -1.0
  }
}