{
  "config": {
    "M": 10.0,
    "alpha": 0.1,
    "arrival_rate": 0.1,
    "beta": 0.1,
    "num_processes": 16,
    "scheduler": "rr",
    "seed": 42,
    "service_rate": 1.0,
    "ticks": 1000000,
    "workload": "poisson"
  },
  "fairness": {
    "jain_index": 0.9999999993129989,
    "max_starvation": 60.0,
    "starvation_events": 0
  },
  "latency": {
    "avg_turnaround": 187543.21876321876,
    "avg_waiting_time": 187542.21876321876,
    "max_waiting_time": 379734.0,
    "p50_waiting_time": 187500.0,
    "p95_waiting_time": 356100.0,
    "p99_waiting_time": 371100.0
  },
  "online": {
    "completed_jobs": 999999,
    "lyapunov_drift": 147766.0,
    "lyapunov_v": 22484351636.0,
    "throughput": 1.0,
    "utilization": 0.999999
  },
  "queue": {
    "max": 37968.0,
    "mean": 18750.68738625,
    "median": 9999.0,
    "min": 0.0,
    "std_dev": 10821.686064706317,
    "variance": 117108889.28305888
  },
  "scheduler_diag": {
    "avg_entropy": 2.7211801935497983,
    "avg_score_variance": 0.0625,
    "context_switch_rate": 0.999998999999,
    "total_throughput": 0.999999
  },
  "stability": {
    "oscillation_frequency": 46.168,
    "time_to_steady_state": -1.0
  }
}