{
  "config": {
    "M": 10.0,
    "alpha": 0.1,
    "arrival_rate": 0.6,
    "beta": 0.1,
    "num_processes": 16,
    "scheduler": "cmu",
    "seed": 456,
    "service_rate": 1.0,
    "ticks": 1000000,
    "workload": "poisson"
  },
  "fairness": {
    "jain_index": 0.1201819847638495,
    "max_starvation": 1000000.0,
    "starvation_events": 14
  },
  "latency": {
    "avg_turnaround": 67165.54437354437,
    "avg_waiting_time": 67164.54437354437,
    "max_waiting_time": 333804.0,
    "p50_waiting_time": 0.0,
    "p95_waiting_time": 294100.0,
    "p99_waiting_time": 326400.0
  },
  "online": {
    "completed_jobs": 999999,
    "lyapunov_drift": 19197748.0,
    "lyapunov_v": 5077779474420.0,
    "throughput": 1.0,
    "utilization": 0.999999
  },
  "queue": {
    "max": 601381.0,
    "mean": 268686.0740175,
    "median": 9999.0,
    "min": 0.0,
    "std_dev": 183262.83338871182,
    "variance": 33585266101.658752
  },
  "scheduler_diag": {
    "avg_entropy": 2.772588722264898,
    "avg_score_variance": 0.0,
    "context_switch_rate": 0.36054736054736053,
    "total_throughput": 0.999999
  },
  "stability": {
    "oscillation_frequency": 0.004,
    "time_to_steady_state": -1.0
  }
}