{
  "config": {
    "M": 10.0,
    "alpha": 0.1,
    "arrival_rate": 0.3,
    "beta": 0.1,
    "num_processes": 16,
    "scheduler": "cmu",
    "seed": 999,
    "service_rate": 1.0,
    "ticks": 1000000,
    "workload": "poisson"
  },
  "fairness": {
    "jain_index": 0.22309505452881073,
    "max_starvation": 1000000.0,
    "starvation_events": 1764
  },
  "latency": {
    "avg_turnaround": 33163.65772565772,
    "avg_waiting_time": 33162.65772565772,
    "max_waiting_time": 668039.0,
    "p50_waiting_time": 0.0,
    "p95_waiting_time": 332300.0,
    "p99_waiting_time": 597400.0
  },
  "online": {
    "completed_jobs": 999999,
    "lyapunov_drift": 2401899.0,
    "lyapunov_v": 1120478769651.0,
    "throughput": 1.0,
    "utilization": 0.999999
  },
  "queue": {
    "max": 300698.0,
    "mean": 118840.720085625,
    "median": 9999.0,
    "min": 0.0,
    "std_dev": 96096.04186375493,
    "variance": 9234449261.88054
  },
  "scheduler_diag": {
    "avg_entropy": 2.772588722264898,
    "avg_score_variance": 0.0,
    "context_switch_rate": 0.590910590910591,
    "total_throughput": 0.999999
  },
  "stability": {
    "oscillation_frequency": 1.6280000000000001,
    "time_to_steady_state": -1.0
  }
}