{
  "config": {
    "M": 10.0,
    "alpha": 0.1,
    "arrival_rate": 0.3,
    "beta": 0.1,
    "num_processes": 16,
    "scheduler": "rr",
    "seed": 456,
    "service_rate": 1.0,
    "ticks": 1000000,
    "workload": "heavy_tail"
  },
  "fairness": {
    "jain_index": 0.9999999999719997,
    "max_starvation": 30.0,
    "starvation_events": 0
  },
  "latency": {
    "avg_turnaround": 405744.24680949363,
    "avg_waiting_time": 405743.24680949363,
    "max_waiting_time": 819635.0,
    "p50_waiting_time": 405100.0,
    "p95_waiting_time": 771000.0,
    "p99_waiting_time": 803800.0
  },
  "online": {
    "completed_jobs": 999998,
    "lyapunov_drift": 2716149.0,
    "lyapunov_v": 1175333185599.0,
    "throughput": 1.0,
    "utilization": 0.999998
  },
  "queue": {
    "max": 277560.0,
    "mean": 135110.933095,
    "median": 9999.0,
    "min": 0.0,
    "std_dev": 78312.36836998035,
    "variance": 6132827039.7155
  },
  "scheduler_diag": {
    "avg_entropy": 2.7211801935497983,
    "avg_score_variance": 0.0625,
    "context_switch_rate": 0.999998999998,
    "total_throughput": 0.999998
  },
  "stability": {
    "oscillation_frequency": 1.41,
    "time_to_steady_state": -1.0
  }
}