{
  "config": {
    "M": 10.0,
    "alpha": 0.1,
    "arrival_rate": 0.9,
    "beta": 0.1,
    "num_processes": 16,
    "scheduler": "maxweight",
    "seed": 456,
    "service_rate": 1.0,
    "ticks": 1000000,
    "workload": "poisson"
  },
  "fairness": {
    "jain_index": 0.999960170451794,
    "max_starvation": 2777.0,
    "starvation_events": 33238
  },
  "latency": {
    "avg_turnaround": 465220.47336047335,
    "avg_waiting_time": 465219.47336047335,
    "max_waiting_time": 931474.0,
    "p50_waiting_time": 465200.0,
    "p95_waiting_time": 883900.0,
    "p99_waiting_time": 921000.0
  },
  "online": {
    "completed_jobs": 999999,
    "lyapunov_drift": 21763527.0,
    "lyapunov_v": 11210692682497.0,
    "throughput": 1.0,
    "utilization": 0.999999
  },
  "queue": {
    "max": 837056.0,
    "mean": 418617.7782475,
    "median": 9999.0,
    "min": 0.0,
    "std_dev": 241668.58019048514,
    "variance": 58403702651.28494
  },
  "scheduler_diag": {
    "avg_entropy": 1.3336324335184266,
    "avg_score_variance": 48.3637020803665,
    "context_switch_rate": 0.6501096501096502,
    "total_throughput": 0.999999
  },
  "stability": {
    "oscillation_frequency": 0.0,
    "time_to_steady_state": -1.0
  }
}