{
  "config": {
    "M": 10.0,
    "alpha": 0.1,
    "arrival_rate": 0.5,
    "beta": 0.1,
    "num_processes": 16,
    "scheduler": "cmu",
    "seed": 999,
    "service_rate": 1.0,
    "ticks": 1000000,
    "workload": "uniform"
  },
  "fairness": {
    "jain_index": 0.09191185121101351,
    "max_starvation": 1000000.0,
    "starvation_events": 14
  },
  "latency": {
    "avg_turnaround": 74957.79568079568,
    "avg_waiting_time": 74956.79568079568,
    "max_waiting_time": 749713.0,
    "p50_waiting_time": 0.0,
    "p95_waiting_time": 562000.0,
    "p99_waiting_time": 711600.0
  },
  "online": {
    "completed_jobs": 999999,
    "lyapunov_drift": 15601181.0,
    "lyapunov_v": 9321011941831.0,
    "throughput": 1.0,
    "utilization": 0.999999
  },
  "queue": {
    "max": 800530.0,
    "mean": 368761.21106875,
    "median": 9999.0,
    "min": 0.0,
    "std_dev": 241230.8418367349,
    "variance": 58192319053.25981
  },
  "scheduler_diag": {
    "avg_entropy": 2.772588722264898,
    "avg_score_variance": 0.0,
    "context_switch_rate": 0.3999993999994,
    "total_throughput": 0.999999
  },
  "stability": {
    "oscillation_frequency": 0.0,
    "time_to_steady_state": -1.0
  }
}