{
  "config": {
    "M": 10.0,
    "alpha": 0.1,
    "arrival_rate": 0.5,
    "beta": 0.1,
    "num_processes": 16,
    "scheduler": "rr",
    "seed": 123,
    "service_rate": 1.0,
    "ticks": 1000000,
    "workload": "poisson"
  },
  "fairness": {
    "jain_index": 0.9999999999849999,
    "max_starvation": 18.0,
    "starvation_events": 0
  },
  "latency": {
    "avg_turnaround": 437486.0865370865,
    "avg_waiting_time": 437485.0865370865,
    "max_waiting_time": 875698.0,
    "p50_waiting_time": 437400.0,
    "p95_waiting_time": 831200.0,
    "p99_waiting_time": 866200.0
  },
  "online": {
    "completed_jobs": 999999,
    "lyapunov_drift": 5255330.0,
    "lyapunov_v": 3062007553722.0,
    "throughput": 1.0,
    "utilization": 0.999999
  },
  "queue": {
    "max": 439057.0,
    "mean": 218842.413839375,
    "median": 9999.0,
    "min": 0.0,
    "std_dev": 126317.47345496387,
    "variance": 15956104100.045502
  },
  "scheduler_diag": {
    "avg_entropy": 2.7211801935497983,
    "avg_score_variance": 0.0625,
    "context_switch_rate": 0.999998999999,
    "total_throughput": 0.999999
  },
  "stability": {
    "oscillation_frequency": 0.36200000000000004,
    "time_to_steady_state": -1.0
  }
}