{
  "config": {
    "M": 10.0,
    "alpha": 0.1,
    "arrival_rate": 0.1,
    "beta": 0.1,
    "num_processes": 16,
    "scheduler": "maxweight",
    "seed": 789,
    "service_rate": 1.0,
    "ticks": 1000000,
    "workload": "poisson"
  },
  "fairness": {
    "jain_index": 0.9999865435631646,
    "max_starvation": 443.0,
    "starvation_events": 7630
  },
  "latency": {
    "avg_turnaround": 186636.9515829516,
    "avg_waiting_time": 186635.9515829516,
    "max_waiting_time": 376620.0,
    "p50_waiting_time": 186400.0,
    "p95_waiting_time": 354500.0,
    "p99_waiting_time": 369700.0
  },
  "online": {
    "completed_jobs": 999999,
    "lyapunov_drift": -74751.0,
    "lyapunov_v": 22350848008.0,
    "throughput": 1.0,
    "utilization": 0.999999
  },
  "queue": {
    "max": 37376.0,
    "mean": 18627.039028125,
    "median": 9999.0,
    "min": 0.0,
    "std_dev": 10771.386406225116,
    "variance": 116022765.11221123
  },
  "scheduler_diag": {
    "avg_entropy": 2.528626656481535,
    "avg_score_variance": 0.5594706594716822,
    "context_switch_rate": 0.90993190993191,
    "total_throughput": 0.999999
  },
  "stability": {
    "oscillation_frequency": 39.229,
    "time_to_steady_state": -1.0
  }
}