{
  "config": {
    "M": 10.0,
    "alpha": 0.1,
    "arrival_rate": 0.4,
    "beta": 0.1,
    "num_processes": 16,
    "scheduler": "embi",
    "seed": 456,
    "service_rate": 1.0,
    "ticks": 1000000,
    "workload": "poisson"
  },
  "fairness": {
    "jain_index": 0.9998461719520055,
    "max_starvation": 1485.0,
    "starvation_events": 30542
  },
  "latency": {
    "avg_turnaround": 421742.43327643326,
    "avg_waiting_time": 421741.43327643326,
    "max_waiting_time": 847145.0,
    "p50_waiting_time": 421600.0,
    "p95_waiting_time": 801200.0,
    "p99_waiting_time": 835000.0
  },
  "online": {
    "completed_jobs": 999999,
    "lyapunov_drift": 6073683.0,
    "lyapunov_v": 1821711010449.0,
    "throughput": 1.0,
    "utilization": 0.999999
  },
  "queue": {
    "max": 337425.0,
    "mean": 168698.1439725,
    "median": 9999.0,
    "min": 0.0,
    "std_dev": 97422.43022911527,
    "variance": 9491129911.746834
  },
  "scheduler_diag": {
    "avg_entropy": 1.1672177345488814,
    "avg_score_variance": 36.98382628522851,
    "context_switch_rate": 0.739103739103739,
    "total_throughput": 0.999999
  },
  "stability": {
    "oscillation_frequency": 1.64,
    "time_to_steady_state": -1.0
  }
}