{
  "config": {
    "M": 10.0,
    "alpha": 0.1,
    "arrival_rate": 0.2,
    "beta": 0.1,
    "num_processes": 16,
    "scheduler": "embi",
    "seed": 789,
    "service_rate": 1.0,
    "ticks": 1000000,
    "workload": "poisson"
  },
  "fairness": {
    "jain_index": 0.9998870720652772,
    "max_starvation": 765.0,
    "starvation_events": 22140
  },
  "latency": {
    "avg_turnaround": 343312.2108222108,
    "avg_waiting_time": 343311.2108222108,
    "max_waiting_time": 690256.0,
    "p50_waiting_time": 343200.0,
    "p95_waiting_time": 652200.0,
    "p99_waiting_time": 679700.0
  },
  "online": {
    "completed_jobs": 999999,
    "lyapunov_drift": 1100098.0,
    "lyapunov_v": 302554727539.0,
    "throughput": 1.0,
    "utilization": 0.999999
  },
  "queue": {
    "max": 137513.0,
    "mean": 68664.52492625,
    "median": 9999.0,
    "min": 0.0,
    "std_dev": 39722.03327732173,
    "variance": 1577839927.6846552
  },
  "scheduler_diag": {
    "avg_entropy": 1.5945796607685845,
    "avg_score_variance": 8.680312294826459,
    "context_switch_rate": 0.8228758228758228,
    "total_throughput": 0.999999
  },
  "stability": {
    "oscillation_frequency": 17.43,
    "time_to_steady_state": -1.0
  }
}