{
  "config": {
    "M": 10.0,
    "alpha": 0.1,
    "arrival_rate": 0.7,
    "beta": 0.1,
    "num_processes": 16,
    "scheduler": "cmu",
    "seed": 123,
    "service_rate": 1.0,
    "ticks": 1000000,
    "workload": "poisson"
  },
  "fairness": {
    "jain_index": 0.10775242241526489,
    "max_starvation": 1000000.0,
    "starvation_events": 17
  },
  "latency": {
    "avg_turnaround": 86368.0054070054,
    "avg_waiting_time": 86367.0054070054,
    "max_waiting_time": 572400.0,
    "p50_waiting_time": 0.0,
    "p95_waiting_time": 477900.0,
    "p99_waiting_time": 554200.0
  },
  "online": {
    "completed_jobs": 999999,
    "lyapunov_drift": 13996493.0,
    "lyapunov_v": 7016093812938.0,
    "throughput": 1.0,
    "utilization": 0.999999
  },
  "queue": {
    "max": 701680.0,
    "mean": 318785.837508125,
    "median": 9999.0,
    "min": 0.0,
    "std_dev": 211196.3412067016,
    "variance": 44603894539.09752
  },
  "scheduler_diag": {
    "avg_entropy": 2.772588722264898,
    "avg_score_variance": 0.0,
    "context_switch_rate": 0.3025343025343025,
    "total_throughput": 0.999999
  },
  "stability": {
    "oscillation_frequency": 0.004,
    "time_to_steady_state": -1.0
  }
}