{
  "config": {
    "M": 10.0,
    "alpha": 0.1,
    "arrival_rate": 0.2,
    "beta": 0.1,
    "num_processes": 16,
    "scheduler": "rr",
    "seed": 123,
    "service_rate": 1.0,
    "ticks": 1000000,
    "workload": "poisson"
  },
  "fairness": {
    "jain_index": 0.9999999998889996,
    "max_starvation": 28.0,
    "starvation_events": 0
  },
  "latency": {
    "avg_turnaround": 343714.48850248853,
    "avg_waiting_time": 343713.48850248853,
    "max_waiting_time": 689936.0,
    "p50_waiting_time": 343700.0,
    "p95_waiting_time": 653100.0,
    "p99_waiting_time": 680600.0
  },
  "online": {
    "completed_jobs": 999999,
    "lyapunov_drift": 1100376.0,
    "lyapunov_v": 303097199038.0,
    "throughput": 1.0,
    "utilization": 0.999999
  },
  "queue": {
    "max": 138467.0,
    "mean": 68800.465606875,
    "median": 9999.0,
    "min": 0.0,
    "std_dev": 39749.06353193423,
    "variance": 1579988051.6657438
  },
  "scheduler_diag": {
    "avg_entropy": 2.7211801935497983,
    "avg_score_variance": 0.0625,
    "context_switch_rate": 0.999998999999,
    "total_throughput": 0.999999
  },
  "stability": {
    "oscillation_frequency": 18.848,
    "time_to_steady_state": -1.0
  }
}