{
  "config": {
    "M": 10.0,
    "alpha": 0.1,
    "arrival_rate": 0.5,
    "beta": 0.1,
    "num_processes": 16,
    "scheduler": "rr",
    "seed": 456,
    "service_rate": 1.0,
    "ticks": 1000000,
    "workload": "poisson"
  },
  "fairness": {
    "jain_index": 0.9999999999849999,
    "max_starvation": 19.0,
    "starvation_events": 0
  },
  "latency": {
    "avg_turnaround": 437399.4944044944,
    "avg_waiting_time": 437398.4944044944,
    "max_waiting_time": 875657.0,
    "p50_waiting_time": 437300.0,
    "p95_waiting_time": 831000.0,
    "p99_waiting_time": 866000.0
  },
  "online": {
    "completed_jobs": 999999,
    "lyapunov_drift": 12245646.0,
    "lyapunov_v": 3061197758226.0,
    "throughput": 1.0,
    "utilization": 0.999999
  },
  "queue": {
    "max": 438709.0,
    "mean": 218687.470710625,
    "median": 9999.0,
    "min": 0.0,
    "std_dev": 126279.12298551899,
    "variance": 15946416901.991829
  },
  "scheduler_diag": {
    "avg_entropy": 2.7211801935497983,
    "avg_score_variance": 0.0625,
    "context_switch_rate": 0.999998999999,
    "total_throughput": 0.999999
  },
  "stability": {
    "oscillation_frequency": 0.27399999999999997,
    "time_to_steady_state": -1.0
  }
}