{
  "config": {
    "M": 10.0,
    "alpha": 0.1,
    "arrival_rate": 0.3,
    "beta": 0.1,
    "num_processes": 16,
    "scheduler": "fcfs",
    "seed": 789,
    "service_rate": 1.0,
    "ticks": 1000000,
    "workload": "poisson"
  },
  "fairness": {
    "jain_index": 0.22354731924005158,
    "max_starvation": 1000000.0,
    "starvation_events": 1706
  },
  "latency": {
    "avg_turnaround": 33214.04676904677,
    "avg_waiting_time": 33213.04676904677,
    "max_waiting_time": 662100.0,
    "p50_waiting_time": 0.0,
    "p95_waiting_time": 331800.0,
    "p99_waiting_time": 597100.0
  },
  "online": {
    "completed_jobs": 999999,
    "lyapunov_drift": 3003158.0,
    "lyapunov_v": 1120012942836.0,
    "throughput": 1.0,
    "utilization": 0.999999
  },
  "queue": {
    "max": 300688.0,
    "mean": 118692.240443125,
    "median": 9999.0,
    "min": 0.0,
    "std_dev": 96139.30954766215,
    "variance": 9242766840.301203
  },
  "scheduler_diag": {
    "avg_entropy": 1.8527462251802944,
    "avg_score_variance": null,
    "context_switch_rate": 0.5930795930795931,
    "total_throughput": 0.999999
  },
  "stability": {
    "oscillation_frequency": 1.696,
    "time_to_steady_state": -1.0
  }
}