{
  "config": {
    "M": 10.0,
    "alpha": 0.1,
    "arrival_rate": 0.3,
    "beta": 0.1,
    "num_processes": 16,
    "scheduler": "cmu",
    "seed": 42,
    "service_rate": 1.0,
    "ticks": 1000000,
    "workload": "uniform"
  },
  "fairness": {
    "jain_index": 0.09194542684577892,
    "max_starvation": 1000000.0,
    "starvation_events": 14
  },
  "latency": {
    "avg_turnaround": 75136.52934052933,
    "avg_waiting_time": 75135.52934052933,
    "max_waiting_time": 749791.0,
    "p50_waiting_time": 0.0,
    "p95_waiting_time": 563000.0,
    "p99_waiting_time": 712200.0
  },
  "online": {
    "completed_jobs": 999999,
    "lyapunov_drift": 17596779.0,
    "lyapunov_v": 9317356277588.0,
    "throughput": 1.0,
    "utilization": 0.999999
  },
  "queue": {
    "max": 800315.0,
    "mean": 368699.49491625,
    "median": 9999.0,
    "min": 0.0,
    "std_dev": 241193.05480578926,
    "variance": 58174089686.54846
  },
  "scheduler_diag": {
    "avg_entropy": 2.772588722264898,
    "avg_score_variance": 0.0,
    "context_switch_rate": 0.4004134004134004,
    "total_throughput": 0.999999
  },
  "stability": {
    "oscillation_frequency": 0.0,
    "time_to_steady_state": -1.0
  }
}