{
  "config": {
    "M": 10.0,
    "alpha": 0.1,
    "arrival_rate": 0.1,
    "beta": 0.1,
    "num_processes": 16,
    "scheduler": "embi",
    "seed": 42,
    "service_rate": 1.0,
    "ticks": 1000000,
    "workload": "poisson"
  },
  "fairness": {
    "jain_index": 0.9999768507146021,
    "max_starvation": 424.0,
    "starvation_events": 9055
  },
  "latency": {
    "avg_turnaround": 187546.29453729454,
    "avg_waiting_time": 187545.29453729454,
    "max_waiting_time": 379097.0,
    "p50_waiting_time": 187600.0,
    "p95_waiting_time": 356100.0,
    "p99_waiting_time": 370900.0
  },
  "online": {
    "completed_jobs": 999999,
    "lyapunov_drift": 149944.0,
    "lyapunov_v": 22482903258.0,
    "throughput": 1.0,
    "utilization": 0.999999
  },
  "queue": {
    "max": 37486.0,
    "mean": 18750.68738625,
    "median": 9999.0,
    "min": 0.0,
    "std_dev": 10819.10546247425,
    "variance": 117053043.00814015
  },
  "scheduler_diag": {
    "avg_entropy": 2.006788925094779,
    "avg_score_variance": 2.1465320728877235,
    "context_switch_rate": 0.8862678862678862,
    "total_throughput": 0.999999
  },
  "stability": {
    "oscillation_frequency": 38.989999999999995,
    "time_to_steady_state": -1.0
  }
}