{
  "config": {
    "M": 10.0,
    "alpha": 0.1,
    "arrival_rate": 0.2,
    "beta": 0.1,
    "num_processes": 16,
    "scheduler": "cmu",
    "seed": 42,
    "service_rate": 1.0,
    "ticks": 1000000,
    "workload": "poisson"
  },
  "fairness": {
    "jain_index": 0.3126960155673161,
    "max_starvation": 1000000.0,
    "starvation_events": 313
  },
  "latency": {
    "avg_turnaround": 557.5701515701516,
    "avg_waiting_time": 556.5701515701516,
    "max_waiting_time": 668298.0,
    "p50_waiting_time": 0.0,
    "p95_waiting_time": 2300.0,
    "p99_waiting_time": 3800.0
  },
  "online": {
    "completed_jobs": 999999,
    "lyapunov_drift": 1997198.0,
    "lyapunov_v": 440022789925.0,
    "throughput": 1.0,
    "utilization": 0.999999
  },
  "queue": {
    "max": 200603.0,
    "mean": 68742.86747,
    "median": 9999.0,
    "min": 0.0,
    "std_dev": 66588.56941801826,
    "variance": 4434037577.138237
  },
  "scheduler_diag": {
    "avg_entropy": 2.772588722264898,
    "avg_score_variance": 0.0,
    "context_switch_rate": 0.681009681009681,
    "total_throughput": 0.999999
  },
  "stability": {
    "oscillation_frequency": 7.744,
    "time_to_steady_state": -1.0
  }
}