{
  "config": {
    "M": 10.0,
    "alpha": 0.1,
    "arrival_rate": 0.7,
    "beta": 0.1,
    "num_processes": 16,
    "scheduler": "cmu",
    "seed": 789,
    "service_rate": 1.0,
    "ticks": 1000000,
    "workload": "poisson"
  },
  "fairness": {
    "jain_index": 0.10804978364536426,
    "max_starvation": 1000000.0,
    "starvation_events": 19
  },
  "latency": {
    "avg_turnaround": 85746.67528467528,
    "avg_waiting_time": 85745.67528467528,
    "max_waiting_time": 569461.0,
    "p50_waiting_time": 0.0,
    "p95_waiting_time": 473800.0,
    "p99_waiting_time": 550100.0
  },
  "online": {
    "completed_jobs": 999999,
    "lyapunov_drift": 17597149.0,
    "lyapunov_v": 7017528234674.0,
    "throughput": 1.0,
    "utilization": 0.999999
  },
  "queue": {
    "max": 701324.0,
    "mean": 318650.775885625,
    "median": 9999.0,
    "min": 0.0,
    "std_dev": 211268.99403801013,
    "variance": 44634587841.83276
  },
  "scheduler_diag": {
    "avg_entropy": 2.772588722264898,
    "avg_score_variance": 0.0,
    "context_switch_rate": 0.30336230336230335,
    "total_throughput": 0.999999
  },
  "stability": {
    "oscillation_frequency": 0.004,
    "time_to_steady_state": -1.0
  }
}