{
  "config": {
    "M": 10.0,
    "alpha": 0.1,
    "arrival_rate": 0.8,
    "beta": 0.1,
    "num_processes": 16,
    "scheduler": "rr",
    "seed": 456,
    "service_rate": 1.0,
    "ticks": 1000000,
    "workload": "bursty"
  },
  "fairness": {
    "jain_index": 0.9999999997929996,
    "max_starvation": 48.0,
    "starvation_events": 0
  },
  "latency": {
    "avg_turnaround": 314338.2081282081,
    "avg_waiting_time": 314337.2081282081,
    "max_waiting_time": 635498.0,
    "p50_waiting_time": 313200.0,
    "p95_waiting_time": 597800.0,
    "p99_waiting_time": 623000.0
  },
  "online": {
    "completed_jobs": 999999,
    "lyapunov_drift": -209403.0,
    "lyapunov_v": 178389790820.0,
    "throughput": 1.0,
    "utilization": 0.999999
  },
  "queue": {
    "max": 106897.0,
    "mean": 52886.017259375,
    "median": 9999.0,
    "min": 0.0,
    "std_dev": 30520.767175098,
    "variance": 931517228.9565396
  },
  "scheduler_diag": {
    "avg_entropy": 2.7211801935497983,
    "avg_score_variance": 0.0625,
    "context_switch_rate": 0.999998999999,
    "total_throughput": 0.999999
  },
  "stability": {
    "oscillation_frequency": 36.259,
    "time_to_steady_state": -1.0
  }
}