{
  "config": {
    "M": 10.0,
    "alpha": 0.1,
    "arrival_rate": 0.9,
    "beta": 0.1,
    "num_processes": 16,
    "scheduler": "embi",
    "seed": 789,
    "service_rate": 1.0,
    "ticks": 1000000,
    "workload": "poisson"
  },
  "fairness": {
    "jain_index": 0.9997342892743922,
    "max_starvation": 2894.0,
    "starvation_events": 33279
  },
  "latency": {
    "avg_turnaround": 465174.80256780254,
    "avg_waiting_time": 465173.80256780254,
    "max_waiting_time": 932690.0,
    "p50_waiting_time": 465100.0,
    "p95_waiting_time": 883800.0,
    "p99_waiting_time": 921000.0
  },
  "online": {
    "completed_jobs": 999999,
    "lyapunov_drift": 25120411.0,
    "lyapunov_v": 11218420071146.0,
    "throughput": 1.0,
    "utilization": 0.999999
  },
  "queue": {
    "max": 837343.0,
    "mean": 418633.959448125,
    "median": 9999.0,
    "min": 0.0,
    "std_dev": 241716.15032514074,
    "variance": 58426697328.00604
  },
  "scheduler_diag": {
    "avg_entropy": 0.7415850731692587,
    "avg_score_variance": 198.5652368214404,
    "context_switch_rate": 0.6214806214806214,
    "total_throughput": 0.999999
  },
  "stability": {
    "oscillation_frequency": 0.002,
    "time_to_steady_state": -1.0
  }
}