{
  "config": {
    "M": 10.0,
    "alpha": 0.1,
    "arrival_rate": 0.5,
    "beta": 0.1,
    "num_processes": 16,
    "scheduler": "embi_unclipped",
    "seed": 456,
    "service_rate": 1.0,
    "ticks": 1000000,
    "workload": "bursty"
  },
  "fairness": {
    "jain_index": 0.9998356782463786,
    "max_starvation": 2653.0,
    "starvation_events": 35469
  },
  "latency": {
    "avg_turnaround": 314336.7278717279,
    "avg_waiting_time": 314335.7278717279,
    "max_waiting_time": 641006.0,
    "p50_waiting_time": 312900.0,
    "p95_waiting_time": 597800.0,
    "p99_waiting_time": 622900.0
  },
  "online": {
    "completed_jobs": 999999,
    "lyapunov_drift": -211179.0,
    "lyapunov_v": 178379522804.0,
    "throughput": 1.0,
    "utilization": 0.999999
  },
  "queue": {
    "max": 105591.0,
    "mean": 52886.017259375,
    "median": 9999.0,
    "min": 0.0,
    "std_dev": 30513.75899115344,
    "variance": 931089487.7701974
  },
  "scheduler_diag": {
    "avg_entropy": 1.0251091923244777,
    "avg_score_variance": 118.90650492920216,
    "context_switch_rate": 0.6723266723266723,
    "total_throughput": 0.999999
  },
  "stability": {
    "oscillation_frequency": 38.369,
    "time_to_steady_state": -1.0
  }
}