{
  "config": {
    "M": 10.0,
    "alpha": 0.1,
    "arrival_rate": 0.5,
    "beta": 0.1,
    "num_processes": 16,
    "scheduler": "cmu",
    "seed": 42,
    "service_rate": 1.0,
    "ticks": 1000000,
    "workload": "poisson"
  },
  "fairness": {
    "jain_index": 0.1252158264965863,
    "max_starvation": 1000000.0,
    "starvation_events": 67
  },
  "latency": {
    "avg_turnaround": 799.5583495583495,
    "avg_waiting_time": 798.5583495583495,
    "max_waiting_time": 941712.0,
    "p50_waiting_time": 0.0,
    "p95_waiting_time": 1800.0,
    "p99_waiting_time": 2000.0
  },
  "online": {
    "completed_jobs": 999999,
    "lyapunov_drift": 1995973.0,
    "lyapunov_v": 3497544674503.0,
    "throughput": 1.0,
    "utilization": 0.999999
  },
  "queue": {
    "max": 501100.0,
    "mean": 218717.291976875,
    "median": 9999.0,
    "min": 0.0,
    "std_dev": 158228.94463814003,
    "variance": 25036398921.299583
  },
  "scheduler_diag": {
    "avg_entropy": 2.772588722264898,
    "avg_score_variance": 0.0,
    "context_switch_rate": 0.39533539533539536,
    "total_throughput": 0.999999
  },
  "stability": {
    "oscillation_frequency": 0.060000000000000005,
    "time_to_steady_state": -1.0
  }
}