{
  "config": {
    "M": 10.0,
    "alpha": 0.1,
    "arrival_rate": 0.2,
    "beta": 0.1,
    "num_processes": 16,
    "scheduler": "embi",
    "seed": 123,
    "service_rate": 1.0,
    "ticks": 1000000,
    "workload": "bursty"
  },
  "fairness": {
    "jain_index": 0.999690728324825,
    "max_starvation": 2536.0,
    "starvation_events": 35483
  },
  "latency": {
    "avg_turnaround": 314551.1194011194,
    "avg_waiting_time": 314550.1194011194,
    "max_waiting_time": 636957.0,
    "p50_waiting_time": 314300.0,
    "p95_waiting_time": 598500.0,
    "p99_waiting_time": 624900.0
  },
  "online": {
    "completed_jobs": 999999,
    "lyapunov_drift": -8.0,
    "lyapunov_v": 180687056172.0,
    "throughput": 1.0,
    "utilization": 0.999999
  },
  "queue": {
    "max": 106277.0,
    "mean": 53156.549843125,
    "median": 9999.0,
    "min": 0.0,
    "std_dev": 30690.70396187839,
    "variance": 941919309.6756577
  },
  "scheduler_diag": {
    "avg_entropy": 1.022521645423177,
    "avg_score_variance": 122.09321835454864,
    "context_switch_rate": 0.6701276701276702,
    "total_throughput": 0.999999
  },
  "stability": {
    "oscillation_frequency": 38.223,
    "time_to_steady_state": -1.0
  }
}