{
  "config": {
    "M": 10.0,
    "alpha": 0.1,
    "arrival_rate": 0.4,
    "beta": 0.1,
    "num_processes": 16,
    "scheduler": "fcfs",
    "seed": 456,
    "service_rate": 1.0,
    "ticks": 1000000,
    "workload": "poisson"
  },
  "fairness": {
    "jain_index": 0.17357599292195805,
    "max_starvation": 1000000.0,
    "starvation_events": 299
  },
  "latency": {
    "avg_turnaround": 49995.26622026622,
    "avg_waiting_time": 49994.26622026622,
    "max_waiting_time": 501584.0,
    "p50_waiting_time": 0.0,
    "p95_waiting_time": 375600.0,
    "p99_waiting_time": 476400.0
  },
  "online": {
    "completed_jobs": 999999,
    "lyapunov_drift": 6003531.0,
    "lyapunov_v": 2118541271999.0,
    "throughput": 1.0,
    "utilization": 0.999999
  },
  "queue": {
    "max": 400818.0,
    "mean": 168698.1439725,
    "median": 9999.0,
    "min": 0.0,
    "std_dev": 125202.0122109458,
    "variance": 15675543861.669823
  },
  "scheduler_diag": {
    "avg_entropy": 2.3457041747902974,
    "avg_score_variance": null,
    "context_switch_rate": 0.5091145091145091,
    "total_throughput": 0.999999
  },
  "stability": {
    "oscillation_frequency": 0.308,
    "time_to_steady_state": -1.0
  }
}