{
  "config": {
    "M": 10.0,
    "alpha": 0.1,
    "arrival_rate": 0.3,
    "beta": 0.1,
    "num_processes": 16,
    "scheduler": "fcfs",
    "seed": 123,
    "service_rate": 1.0,
    "ticks": 1000000,
    "workload": "poisson"
  },
  "fairness": {
    "jain_index": 0.22319524834852686,
    "max_starvation": 1000000.0,
    "starvation_events": 1724
  },
  "latency": {
    "avg_turnaround": 33080.38967038967,
    "avg_waiting_time": 33079.38967038967,
    "max_waiting_time": 665370.0,
    "p50_waiting_time": 0.0,
    "p95_waiting_time": 328900.0,
    "p99_waiting_time": 599300.0
  },
  "online": {
    "completed_jobs": 999999,
    "lyapunov_drift": 2398504.0,
    "lyapunov_v": 1121285479108.0,
    "throughput": 1.0,
    "utilization": 0.999999
  },
  "queue": {
    "max": 301059.0,
    "mean": 118840.0690675,
    "median": 9999.0,
    "min": 0.0,
    "std_dev": 96190.63716820403,
    "variance": 9252638678.825075
  },
  "scheduler_diag": {
    "avg_entropy": 1.953825964155646,
    "avg_score_variance": null,
    "context_switch_rate": 0.5912845912845913,
    "total_throughput": 0.999999
  },
  "stability": {
    "oscillation_frequency": 1.65,
    "time_to_steady_state": -1.0
  }
}