{
  "config": {
    "M": 10.0,
    "alpha": 0.1,
    "arrival_rate": 0.4,
    "beta": 0.1,
    "num_processes": 16,
    "scheduler": "fcfs",
    "seed": 999,
    "service_rate": 1.0,
    "ticks": 1000000,
    "workload": "poisson"
  },
  "fairness": {
    "jain_index": 0.17394656543318793,
    "max_starvation": 1000000.0,
    "starvation_events": 265
  },
  "latency": {
    "avg_turnaround": 50451.319242319245,
    "avg_waiting_time": 50450.319242319245,
    "max_waiting_time": 497820.0,
    "p50_waiting_time": 0.0,
    "p95_waiting_time": 375000.0,
    "p99_waiting_time": 472800.0
  },
  "online": {
    "completed_jobs": 999999,
    "lyapunov_drift": 2401683.0,
    "lyapunov_v": 2120208657275.0,
    "throughput": 1.0,
    "utilization": 0.999999
  },
  "queue": {
    "max": 401080.0,
    "mean": 168820.223305,
    "median": 9999.0,
    "min": 0.0,
    "std_dev": 125255.0380081454,
    "variance": 15688824546.421951
  },
  "scheduler_diag": {
    "avg_entropy": 2.3102511745815435,
    "avg_score_variance": null,
    "context_switch_rate": 0.5102015102015102,
    "total_throughput": 0.999999
  },
  "stability": {
    "oscillation_frequency": 0.29,
    "time_to_steady_state": -1.0
  }
}