{
  "config": {
    "M": 10.0,
    "alpha": 0.1,
    "arrival_rate": 0.9,
    "beta": 0.1,
    "num_processes": 16,
    "scheduler": "cmu",
    "seed": 789,
    "service_rate": 1.0,
    "ticks": 1000000,
    "workload": "poisson"
  },
  "fairness": {
    "jain_index": 0.07625924305078322,
    "max_starvation": 1000000.0,
    "starvation_events": 1742
  },
  "latency": {
    "avg_turnaround": 44556.42468342468,
    "avg_waiting_time": 44555.42468342468,
    "max_waiting_time": 888704.0,
    "p50_waiting_time": 0.0,
    "p95_waiting_time": 446100.0,
    "p99_waiting_time": 799200.0
  },
  "online": {
    "completed_jobs": 999999,
    "lyapunov_drift": 23395201.0,
    "lyapunov_v": 11975809329236.0,
    "throughput": 1.0,
    "utilization": 0.999999
  },
  "queue": {
    "max": 901853.0,
    "mean": 418633.959448125,
    "median": 9999.0,
    "min": 0.0,
    "std_dev": 272405.38363521046,
    "variance": 74204693033.4462
  },
  "scheduler_diag": {
    "avg_entropy": 2.772588722264898,
    "avg_score_variance": 0.0,
    "context_switch_rate": 0.11932211932211932,
    "total_throughput": 0.999999
  },
  "stability": {
    "oscillation_frequency": 0.0,
    "time_to_steady_state": -1.0
  }
}