{
  "config": {
    "M": 10.0,
    "alpha": 0.1,
    "arrival_rate": 0.7,
    "beta": 0.1,
    "num_processes": 16,
    "scheduler": "cmu",
    "seed": 42,
    "service_rate": 1.0,
    "ticks": 1000000,
    "workload": "poisson"
  },
  "fairness": {
    "jain_index": 0.10765227018405868,
    "max_starvation": 1000000.0,
    "starvation_events": 22
  },
  "latency": {
    "avg_turnaround": 85832.0521960522,
    "avg_waiting_time": 85831.0521960522,
    "max_waiting_time": 573017.0,
    "p50_waiting_time": 0.0,
    "p95_waiting_time": 477700.0,
    "p99_waiting_time": 554100.0
  },
  "online": {
    "completed_jobs": 999999,
    "lyapunov_drift": 19792685.0,
    "lyapunov_v": 7013176876691.0,
    "throughput": 1.0,
    "utilization": 0.999999
  },
  "queue": {
    "max": 700683.0,
    "mean": 318680.124465,
    "median": 9999.0,
    "min": 0.0,
    "std_dev": 211178.425073168,
    "variance": 44596327216.38364
  },
  "scheduler_diag": {
    "avg_entropy": 2.772588722264898,
    "avg_score_variance": 0.0,
    "context_switch_rate": 0.302022302022302,
    "total_throughput": 0.999999
  },
  "stability": {
    "oscillation_frequency": 0.002,
    "time_to_steady_state": -1.0
  }
}