{
  "config": {
    "M": 10.0,
    "alpha": 0.1,
    "arrival_rate": 0.2,
    "beta": 0.1,
    "num_processes": 16,
    "scheduler": "rr",
    "seed": 999,
    "service_rate": 1.0,
    "ticks": 1000000,
    "workload": "poisson"
  },
  "fairness": {
    "jain_index": 0.9999999999529997,
    "max_starvation": 17.0,
    "starvation_events": 0
  },
  "latency": {
    "avg_turnaround": 344180.0011090011,
    "avg_waiting_time": 344179.0011090011,
    "max_waiting_time": 690808.0,
    "p50_waiting_time": 344100.0,
    "p95_waiting_time": 653700.0,
    "p99_waiting_time": 681300.0
  },
  "online": {
    "completed_jobs": 999999,
    "lyapunov_drift": 550596.0,
    "lyapunov_v": 302929260167.0,
    "throughput": 1.0,
    "utilization": 0.999999
  },
  "queue": {
    "max": 138432.0,
    "mean": 68853.57084625,
    "median": 9999.0,
    "min": 0.0,
    "std_dev": 39706.45473305035,
    "variance": 1576602547.4677763
  },
  "scheduler_diag": {
    "avg_entropy": 2.7211801935497983,
    "avg_score_variance": 0.0625,
    "context_switch_rate": 0.999998999999,
    "total_throughput": 0.999999
  },
  "stability": {
    "oscillation_frequency": 18.291999999999998,
    "time_to_steady_state": -1.0
  }
}