{
  "config": {
    "M": 10.0,
    "alpha": 0.1,
    "arrival_rate": 0.1,
    "beta": 0.1,
    "num_processes": 16,
    "scheduler": "embi_unclipped",
    "seed": 999,
    "service_rate": 1.0,
    "ticks": 1000000,
    "workload": "poisson"
  },
  "fairness": {
    "jain_index": 0.999987932997346,
    "max_starvation": 353.0,
    "starvation_events": 9222
  },
  "latency": {
    "avg_turnaround": 188363.84836669674,
    "avg_waiting_time": 188362.84836669674,
    "max_waiting_time": 379119.0,
    "p50_waiting_time": 188400.0,
    "p95_waiting_time": 357500.0,
    "p99_waiting_time": 372700.0
  },
  "online": {
    "completed_jobs": 999998,
    "lyapunov_drift": 0.0,
    "lyapunov_v": 22676068107.0,
    "throughput": 1.0,
    "utilization": 0.999998
  },
  "queue": {
    "max": 37647.0,
    "mean": 18852.297301875,
    "median": 9999.0,
    "min": 0.0,
    "std_dev": 10858.448772519934,
    "variance": 117905909.74543965
  },
  "scheduler_diag": {
    "avg_entropy": 2.005447649351929,
    "avg_score_variance": 2.1460972799997857,
    "context_switch_rate": 0.885758771517543,
    "total_throughput": 0.999998
  },
  "stability": {
    "oscillation_frequency": 38.695,
    "time_to_steady_state": -1.0
  }
}