{
  "config": {
    "M": 10.0,
    "alpha": 0.1,
    "arrival_rate": 0.3,
    "beta": 0.1,
    "num_processes": 16,
    "scheduler": "embi_unclipped",
    "seed": 999,
    "service_rate": 1.0,
    "ticks": 1000000,
    "workload": "uniform"
  },
  "fairness": {
    "jain_index": 0.9999820244001756,
    "max_starvation": 412.0,
    "starvation_events": 9224
  },
  "latency": {
    "avg_turnaround": 460984.5881925882,
    "avg_waiting_time": 460983.5881925882,
    "max_waiting_time": 922605.0,
    "p50_waiting_time": 460900.0,
    "p95_waiting_time": 875800.0,
    "p99_waiting_time": 912700.0
  },
  "online": {
    "completed_jobs": 999999,
    "lyapunov_drift": 16225755.0,
    "lyapunov_v": 8703321594395.0,
    "throughput": 1.0,
    "utilization": 0.999999
  },
  "queue": {
    "max": 737529.0,
    "mean": 368761.21106875,
    "median": 9999.0,
    "min": 0.0,
    "std_dev": 212892.77220161536,
    "variance": 45323332455.68889
  },
  "scheduler_diag": {
    "avg_entropy": 1.8949216395881971,
    "avg_score_variance": 3.6056990700567297,
    "context_switch_rate": 0.920907920907921,
    "total_throughput": 0.999999
  },
  "stability": {
    "oscillation_frequency": 0.0,
    "time_to_steady_state": -1.0
  }
}