{
  "config": {
    "M": 10.0,
    "alpha": 0.1,
    "arrival_rate": 0.9,
    "beta": 0.1,
    "num_processes": 16,
    "scheduler": "rr",
    "seed": 456,
    "service_rate": 1.0,
    "ticks": 1000000,
    "workload": "poisson"
  },
  "fairness": {
    "jain_index": 0.9999999999849999,
    "max_starvation": 16.0,
    "starvation_events": 0
  },
  "latency": {
    "avg_turnaround": 465222.13676113676,
    "avg_waiting_time": 465221.13676113676,
    "max_waiting_time": 931030.0,
    "p50_waiting_time": 465200.0,
    "p95_waiting_time": 883900.0,
    "p99_waiting_time": 921100.0
  },
  "online": {
    "completed_jobs": 999999,
    "lyapunov_drift": 21766041.0,
    "lyapunov_v": 11210695184033.0,
    "throughput": 1.0,
    "utilization": 0.999999
  },
  "queue": {
    "max": 837730.0,
    "mean": 418617.7782475,
    "median": 9999.0,
    "min": 0.0,
    "std_dev": 241669.01819337308,
    "variance": 58403914354.54889
  },
  "scheduler_diag": {
    "avg_entropy": 2.7211801935497983,
    "avg_score_variance": 0.0625,
    "context_switch_rate": 0.999998999999,
    "total_throughput": 0.999999
  },
  "stability": {
    "oscillation_frequency": 0.0,
    "time_to_steady_state": -1.0
  }
}