{
  "config": {
    "M": 10.0,
    "alpha": 0.1,
    "arrival_rate": 0.5,
    "beta": 0.1,
    "num_processes": 16,
    "scheduler": "rr",
    "seed": 123,
    "service_rate": 1.0,
    "ticks": 1000000,
    "workload": "uniform"
  },
  "fairness": {
    "jain_index": 0.9999999999849999,
    "max_starvation": 16.0,
    "starvation_events": 0
  },
  "latency": {
    "avg_turnaround": 460932.3011933012,
    "avg_waiting_time": 460931.3011933012,
    "max_waiting_time": 922004.0,
    "p50_waiting_time": 460900.0,
    "p95_waiting_time": 875700.0,
    "p99_waiting_time": 912600.0
  },
  "online": {
    "completed_jobs": 999999,
    "lyapunov_drift": 16225471.0,
    "lyapunov_v": 8700930571203.0,
    "throughput": 1.0,
    "utilization": 0.999999
  },
  "queue": {
    "max": 737982.0,
    "mean": 368764.866915625,
    "median": 9999.0,
    "min": 0.0,
    "std_dev": 212875.43014301057,
    "variance": 45315948758.57178
  },
  "scheduler_diag": {
    "avg_entropy": 2.7211801935497983,
    "avg_score_variance": 0.0625,
    "context_switch_rate": 0.999998999999,
    "total_throughput": 0.999999
  },
  "stability": {
    "oscillation_frequency": 0.0,
    "time_to_steady_state": -1.0
  }
}