{
  "config": {
    "M": 10.0,
    "alpha": 0.1,
    "arrival_rate": 0.1,
    "beta": 0.1,
    "num_processes": 16,
    "scheduler": "cmu",
    "seed": 789,
    "service_rate": 1.0,
    "ticks": 1000000,
    "workload": "poisson"
  },
  "fairness": {
    "jain_index": 0.6275589931685596,
    "max_starvation": 1000000.0,
    "starvation_events": 2204
  },
  "latency": {
    "avg_turnaround": 925.5621225621226,
    "avg_waiting_time": 924.5621225621226,
    "max_waiting_time": 726772.0,
    "p50_waiting_time": 0.0,
    "p95_waiting_time": 1900.0,
    "p99_waiting_time": 8400.0
  },
  "online": {
    "completed_jobs": 999999,
    "lyapunov_drift": -1.0,
    "lyapunov_v": 59348989106.0,
    "throughput": 1.0,
    "utilization": 0.999999
  },
  "queue": {
    "max": 100093.0,
    "mean": 18627.039028125,
    "median": 1.0,
    "min": 0.0,
    "std_dev": 29751.75860882859,
    "variance": 885167140.318006
  },
  "scheduler_diag": {
    "avg_entropy": 2.772588722264898,
    "avg_score_variance": 0.0,
    "context_switch_rate": 0.8014188014188014,
    "total_throughput": 0.999999
  },
  "stability": {
    "oscillation_frequency": 32.907,
    "time_to_steady_state": -1.0
  }
}