{
  "config": {
    "M": 10.0,
    "alpha": 0.1,
    "arrival_rate": 0.4,
    "beta": 0.1,
    "num_processes": 16,
    "scheduler": "cmu",
    "seed": 123,
    "service_rate": 1.0,
    "ticks": 1000000,
    "workload": "bursty"
  },
  "fairness": {
    "jain_index": 0.3753590691477561,
    "max_starvation": 1000000.0,
    "starvation_events": 3277
  },
  "latency": {
    "avg_turnaround": 5494.4662554662555,
    "avg_waiting_time": 5493.4662554662555,
    "max_waiting_time": 62822.0,
    "p50_waiting_time": 0.0,
    "p95_waiting_time": 44100.0,
    "p99_waiting_time": 56600.0
  },
  "online": {
    "completed_jobs": 999999,
    "lyapunov_drift": 339148.0,
    "lyapunov_v": 285565575212.0,
    "throughput": 1.0,
    "utilization": 0.999999
  },
  "queue": {
    "max": 171752.0,
    "mean": 53156.549843125,
    "median": 9999.0,
    "min": 0.0,
    "std_dev": 55919.20123878335,
    "variance": 3126957067.1835494
  },
  "scheduler_diag": {
    "avg_entropy": 2.772588722264898,
    "avg_score_variance": 0.0,
    "context_switch_rate": 0.3641423641423641,
    "total_throughput": 0.999999
  },
  "stability": {
    "oscillation_frequency": 26.041999999999998,
    "time_to_steady_state": -1.0
  }
}