{
  "config": {
    "M": 10.0,
    "alpha": 0.1,
    "arrival_rate": 0.6,
    "beta": 0.1,
    "num_processes": 16,
    "scheduler": "cmu",
    "seed": 789,
    "service_rate": 1.0,
    "ticks": 1000000,
    "workload": "poisson"
  },
  "fairness": {
    "jain_index": 0.12015817106555995,
    "max_starvation": 1000000.0,
    "starvation_events": 14
  },
  "latency": {
    "avg_turnaround": 67068.53096153097,
    "avg_waiting_time": 67067.53096153097,
    "max_waiting_time": 333387.0,
    "p50_waiting_time": 0.0,
    "p95_waiting_time": 292500.0,
    "p99_waiting_time": 325000.0
  },
  "online": {
    "completed_jobs": 999999,
    "lyapunov_drift": 12394284.0,
    "lyapunov_v": 5075397979635.0,
    "throughput": 1.0,
    "utilization": 0.999999
  },
  "queue": {
    "max": 601185.0,
    "mean": 268666.35139,
    "median": 9999.0,
    "min": 0.0,
    "std_dev": 183258.78978875434,
    "variance": 33583784034.838852
  },
  "scheduler_diag": {
    "avg_entropy": 2.772588722264898,
    "avg_score_variance": 0.0,
    "context_switch_rate": 0.3611813611813612,
    "total_throughput": 0.999999
  },
  "stability": {
    "oscillation_frequency": 0.018000000000000002,
    "time_to_steady_state": -1.0
  }
}