{
  "config": {
    "M": 10.0,
    "alpha": 0.1,
    "arrival_rate": 0.9,
    "beta": 0.1,
    "num_processes": 16,
    "scheduler": "maxweight",
    "seed": 999,
    "service_rate": 1.0,
    "ticks": 1000000,
    "workload": "bursty"
  },
  "fairness": {
    "jain_index": 0.9998253179627203,
    "max_starvation": 2443.0,
    "starvation_events": 35309
  },
  "latency": {
    "avg_turnaround": 313974.2428662429,
    "avg_waiting_time": 313973.2428662429,
    "max_waiting_time": 633390.0,
    "p50_waiting_time": 314600.0,
    "p95_waiting_time": 596300.0,
    "p99_waiting_time": 621300.0
  },
  "online": {
    "completed_jobs": 999999,
    "lyapunov_drift": 211793.0,
    "lyapunov_v": 179427006199.0,
    "throughput": 1.0,
    "utilization": 0.999999
  },
  "queue": {
    "max": 105906.0,
    "mean": 52859.43605,
    "median": 9999.0,
    "min": 0.0,
    "std_dev": 30579.437783726982,
    "variance": 935102015.1688294
  },
  "scheduler_diag": {
    "avg_entropy": 1.5720288030043084,
    "avg_score_variance": 29.674930583263453,
    "context_switch_rate": 0.6803286803286803,
    "total_throughput": 0.999999
  },
  "stability": {
    "oscillation_frequency": 38.294000000000004,
    "time_to_steady_state": -1.0
  }
}