{
  "config": {
    "M": 10.0,
    "alpha": 0.1,
    "arrival_rate": 0.1,
    "beta": 0.1,
    "num_processes": 16,
    "scheduler": "embi_unclipped",
    "seed": 789,
    "service_rate": 1.0,
    "ticks": 1000000,
    "workload": "poisson"
  },
  "fairness": {
    "jain_index": 0.9999865596587643,
    "max_starvation": 444.0,
    "starvation_events": 9230
  },
  "latency": {
    "avg_turnaround": 186636.95588895588,
    "avg_waiting_time": 186635.95588895588,
    "max_waiting_time": 376620.0,
    "p50_waiting_time": 186400.0,
    "p95_waiting_time": 354500.0,
    "p99_waiting_time": 369700.0
  },
  "online": {
    "completed_jobs": 999999,
    "lyapunov_drift": -74753.0,
    "lyapunov_v": 22350848008.0,
    "throughput": 1.0,
    "utilization": 0.999999
  },
  "queue": {
    "max": 37376.0,
    "mean": 18627.039028125,
    "median": 9999.0,
    "min": 0.0,
    "std_dev": 10771.386406196623,
    "variance": 116022765.11159742
  },
  "scheduler_diag": {
    "avg_entropy": 2.00676093026869,
    "avg_score_variance": 2.1496748945031117,
    "context_switch_rate": 0.8863218863218864,
    "total_throughput": 0.999999
  },
  "stability": {
    "oscillation_frequency": 39.317,
    "time_to_steady_state": -1.0
  }
}