{
  "config": {
    "M": 10.0,
    "alpha": 0.1,
    "arrival_rate": 0.2,
    "beta": 0.1,
    "num_processes": 16,
    "scheduler": "embi",
    "seed": 789,
    "service_rate": 1.0,
    "ticks": 1000000,
    "workload": "uniform"
  },
  "fairness": {
    "jain_index": 0.9999796872369903,
    "max_starvation": 465.0,
    "starvation_events": 9277
  },
  "latency": {
    "avg_turnaround": 460907.07152907155,
    "avg_waiting_time": 460906.07152907155,
    "max_waiting_time": 922302.0,
    "p50_waiting_time": 460900.0,
    "p95_waiting_time": 875700.0,
    "p99_waiting_time": 912500.0
  },
  "online": {
    "completed_jobs": 999999,
    "lyapunov_drift": 14747806.0,
    "lyapunov_v": 8699918941422.0,
    "throughput": 1.0,
    "utilization": 0.999999
  },
  "queue": {
    "max": 737385.0,
    "mean": 368681.20273875,
    "median": 9999.0,
    "min": 0.0,
    "std_dev": 212862.6306244433,
    "variance": 45310499516.358185
  },
  "scheduler_diag": {
    "avg_entropy": 1.8959980434338837,
    "avg_score_variance": 3.5721763007596716,
    "context_switch_rate": 0.9206109206109206,
    "total_throughput": 0.999999
  },
  "stability": {
    "oscillation_frequency": 0.0,
    "time_to_steady_state": -1.0
  }
}