{
  "config": {
    "M": 10.0,
    "alpha": 0.1,
    "arrival_rate": 0.7,
    "beta": 0.1,
    "num_processes": 16,
    "scheduler": "maxweight",
    "seed": 123,
    "service_rate": 1.0,
    "ticks": 1000000,
    "workload": "bursty"
  },
  "fairness": {
    "jain_index": 0.9996909100687533,
    "max_starvation": 2289.0,
    "starvation_events": 35093
  },
  "latency": {
    "avg_turnaround": 314551.1457661458,
    "avg_waiting_time": 314550.1457661458,
    "max_waiting_time": 636957.0,
    "p50_waiting_time": 314300.0,
    "p95_waiting_time": 598500.0,
    "p99_waiting_time": 624900.0
  },
  "online": {
    "completed_jobs": 999999,
    "lyapunov_drift": -6.0,
    "lyapunov_v": 180687056150.0,
    "throughput": 1.0,
    "utilization": 0.999999
  },
  "queue": {
    "max": 106277.0,
    "mean": 53156.549843125,
    "median": 9999.0,
    "min": 0.0,
    "std_dev": 30690.70396098705,
    "variance": 941919309.6209464
  },
  "scheduler_diag": {
    "avg_entropy": 1.569467057085585,
    "avg_score_variance": 30.05252428169028,
    "context_switch_rate": 0.6792286792286792,
    "total_throughput": 0.999999
  },
  "stability": {
    "oscillation_frequency": 38.163000000000004,
    "time_to_steady_state": -1.0
  }
}