{
  "config": {
    "M": 10.0,
    "alpha": 0.1,
    "arrival_rate": 0.8,
    "beta": 0.1,
    "num_processes": 16,
    "scheduler": "maxweight",
    "seed": 456,
    "service_rate": 1.0,
    "ticks": 1000000,
    "workload": "bursty"
  },
  "fairness": {
    "jain_index": 0.9998357165698593,
    "max_starvation": 2650.0,
    "starvation_events": 35148
  },
  "latency": {
    "avg_turnaround": 314336.7249157249,
    "avg_waiting_time": 314335.7249157249,
    "max_waiting_time": 641006.0,
    "p50_waiting_time": 312900.0,
    "p95_waiting_time": 597800.0,
    "p99_waiting_time": 622900.0
  },
  "online": {
    "completed_jobs": 999999,
    "lyapunov_drift": -211179.0,
    "lyapunov_v": 178379522756.0,
    "throughput": 1.0,
    "utilization": 0.999999
  },
  "queue": {
    "max": 105591.0,
    "mean": 52886.017259375,
    "median": 9999.0,
    "min": 0.0,
    "std_dev": 30513.758989536072,
    "variance": 931089487.6714935
  },
  "scheduler_diag": {
    "avg_entropy": 1.572401566905226,
    "avg_score_variance": 29.21479027312361,
    "context_switch_rate": 0.6814766814766815,
    "total_throughput": 0.999999
  },
  "stability": {
    "oscillation_frequency": 38.409,
    "time_to_steady_state": -1.0
  }
}