{
  "config": {
    "M": 10.0,
    "alpha": 0.1,
    "arrival_rate": 0.1,
    "beta": 0.1,
    "num_processes": 16,
    "scheduler": "fcfs",
    "seed": 42,
    "service_rate": 1.0,
    "ticks": 1000000,
    "workload": "poisson"
  },
  "fairness": {
    "jain_index": 0.6259558405558074,
    "max_starvation": 1000000.0,
    "starvation_events": 2158
  },
  "latency": {
    "avg_turnaround": 565.3933423933424,
    "avg_waiting_time": 564.3933423933424,
    "max_waiting_time": 203245.0,
    "p50_waiting_time": 0.0,
    "p95_waiting_time": 4500.0,
    "p99_waiting_time": 7900.0
  },
  "online": {
    "completed_jobs": 999999,
    "lyapunov_drift": 198496.0,
    "lyapunov_v": 59868752066.0,
    "throughput": 1.0,
    "utilization": 0.999999
  },
  "queue": {
    "max": 100467.0,
    "mean": 18750.68738625,
    "median": 1.0,
    "min": 0.0,
    "std_dev": 29919.57829272388,
    "variance": 895181165.2144339
  },
  "scheduler_diag": {
    "avg_entropy": 0.4696993812406949,
    "avg_score_variance": null,
    "context_switch_rate": 0.8013618013618014,
    "total_throughput": 0.999999
  },
  "stability": {
    "oscillation_frequency": 32.784,
    "time_to_steady_state": -1.0
  }
}