{
  "config": {
    "M": 10.0,
    "alpha": 0.1,
    "arrival_rate": 0.6,
    "beta": 0.1,
    "num_processes": 16,
    "scheduler": "maxweight",
    "seed": 789,
    "service_rate": 1.0,
    "ticks": 1000000,
    "workload": "poisson"
  },
  "fairness": {
    "jain_index": 0.9998831277479485,
    "max_starvation": 2047.0,
    "starvation_events": 32535
  },
  "latency": {
    "avg_turnaround": 447768.8746778747,
    "avg_waiting_time": 447767.8746778747,
    "max_waiting_time": 897135.0,
    "p50_waiting_time": 447700.0,
    "p95_waiting_time": 850800.0,
    "p99_waiting_time": 886500.0
  },
  "online": {
    "completed_jobs": 999999,
    "lyapunov_drift": 12893426.0,
    "lyapunov_v": 4617800220341.0,
    "throughput": 1.0,
    "utilization": 0.999999
  },
  "queue": {
    "max": 537226.0,
    "mean": 268666.35139,
    "median": 9999.0,
    "min": 0.0,
    "std_dev": 155130.166700578,
    "variance": 24065368620.549118
  },
  "scheduler_diag": {
    "avg_entropy": 1.6125461785014563,
    "avg_score_variance": 20.98869970536661,
    "context_switch_rate": 0.7141267141267141,
    "total_throughput": 0.999999
  },
  "stability": {
    "oscillation_frequency": 0.082,
    "time_to_steady_state": -1.0
  }
}