{
  "config": {
    "M": 10.0,
    "alpha": 0.1,
    "arrival_rate": 0.8,
    "beta": 0.1,
    "num_processes": 16,
    "scheduler": "rr",
    "seed": 999,
    "service_rate": 1.0,
    "ticks": 1000000,
    "workload": "poisson"
  },
  "fairness": {
    "jain_index": 0.9999999999849999,
    "max_starvation": 16.0,
    "starvation_events": 0
  },
  "latency": {
    "avg_turnaround": 461045.59962859965,
    "avg_waiting_time": 461044.59962859965,
    "max_waiting_time": 922671.0,
    "p50_waiting_time": 461000.0,
    "p95_waiting_time": 875900.0,
    "p99_waiting_time": 912800.0
  },
  "online": {
    "completed_jobs": 999999,
    "lyapunov_drift": 14751612.0,
    "lyapunov_v": 8704261430843.0,
    "throughput": 1.0,
    "utilization": 0.999999
  },
  "queue": {
    "max": 738793.0,
    "mean": 368814.79892750003,
    "median": 9999.0,
    "min": 0.0,
    "std_dev": 212888.04325900433,
    "variance": 45321318962.647705
  },
  "scheduler_diag": {
    "avg_entropy": 2.7211801935497983,
    "avg_score_variance": 0.0625,
    "context_switch_rate": 0.999998999999,
    "total_throughput": 0.999999
  },
  "stability": {
    "oscillation_frequency": 0.006,
    "time_to_steady_state": -1.0
  }
}