{
  "config": {
    "M": 10.0,
    "alpha": 0.1,
    "arrival_rate": 0.8,
    "beta": 0.1,
    "num_processes": 16,
    "scheduler": "cmu",
    "seed": 123,
    "service_rate": 1.0,
    "ticks": 1000000,
    "workload": "poisson"
  },
  "fairness": {
    "jain_index": 0.09210029128946765,
    "max_starvation": 1000000.0,
    "starvation_events": 277
  },
  "latency": {
    "avg_turnaround": 75250.36576736577,
    "avg_waiting_time": 75249.36576736577,
    "max_waiting_time": 748878.0,
    "p50_waiting_time": 0.0,
    "p95_waiting_time": 563600.0,
    "p99_waiting_time": 711100.0
  },
  "online": {
    "completed_jobs": 999999,
    "lyapunov_drift": 11196891.0,
    "lyapunov_v": 9313606253214.0,
    "throughput": 1.0,
    "utilization": 0.999999
  },
  "queue": {
    "max": 801787.0,
    "mean": 368751.474271875,
    "median": 9999.0,
    "min": 0.0,
    "std_dev": 241160.56979482019,
    "variance": 58158420423.762344
  },
  "scheduler_diag": {
    "avg_entropy": 2.772588722264898,
    "avg_score_variance": 0.0,
    "context_switch_rate": 0.22122022122022122,
    "total_throughput": 0.999999
  },
  "stability": {
    "oscillation_frequency": 0.002,
    "time_to_steady_state": -1.0
  }
}