{
  "config": {
    "M": 10.0,
    "alpha": 0.1,
    "arrival_rate": 0.2,
    "beta": 0.1,
    "num_processes": 16,
    "scheduler": "maxweight",
    "seed": 999,
    "service_rate": 1.0,
    "ticks": 1000000,
    "workload": "poisson"
  },
  "fairness": {
    "jain_index": 0.9999410263211455,
    "max_starvation": 752.0,
    "starvation_events": 20302
  },
  "latency": {
    "avg_turnaround": 344176.32285232283,
    "avg_waiting_time": 344175.32285232283,
    "max_waiting_time": 693212.0,
    "p50_waiting_time": 344100.0,
    "p95_waiting_time": 653800.0,
    "p99_waiting_time": 681300.0
  },
  "online": {
    "completed_jobs": 999999,
    "lyapunov_drift": 550380.0,
    "lyapunov_v": 302925574589.0,
    "throughput": 1.0,
    "utilization": 0.999999
  },
  "queue": {
    "max": 137597.0,
    "mean": 68853.57084625,
    "median": 9999.0,
    "min": 0.0,
    "std_dev": 39705.09381834147,
    "variance": 1576494475.1232977
  },
  "scheduler_diag": {
    "avg_entropy": 2.2760958430283047,
    "avg_score_variance": 2.1353211644879075,
    "context_switch_rate": 0.8525418525418526,
    "total_throughput": 0.999999
  },
  "stability": {
    "oscillation_frequency": 17.413999999999998,
    "time_to_steady_state": -1.0
  }
}