{
  "config": {
    "M": 10.0,
    "alpha": 0.1,
    "arrival_rate": 0.7,
    "beta": 0.1,
    "num_processes": 16,
    "scheduler": "rr",
    "seed": 42,
    "service_rate": 1.0,
    "ticks": 1000000,
    "workload": "poisson"
  },
  "fairness": {
    "jain_index": 0.9999999999849999,
    "max_starvation": 17.0,
    "starvation_events": 0
  },
  "latency": {
    "avg_turnaround": 455364.1165111165,
    "avg_waiting_time": 455363.1165111165,
    "max_waiting_time": 911137.0,
    "p50_waiting_time": 455300.0,
    "p95_waiting_time": 865100.0,
    "p99_waiting_time": 901500.0
  },
  "online": {
    "completed_jobs": 999999,
    "lyapunov_drift": 19115185.0,
    "lyapunov_v": 6497082384257.0,
    "throughput": 1.0,
    "utilization": 0.999999
  },
  "queue": {
    "max": 638233.0,
    "mean": 318680.124465,
    "median": 9999.0,
    "min": 0.0,
    "std_dev": 183966.0086385146,
    "variance": 33843492334.386032
  },
  "scheduler_diag": {
    "avg_entropy": 2.7211801935497983,
    "avg_score_variance": 0.0625,
    "context_switch_rate": 0.999998999999,
    "total_throughput": 0.999999
  },
  "stability": {
    "oscillation_frequency": 0.02,
    "time_to_steady_state": -1.0
  }
}