{
  "config": {
    "M": 10.0,
    "alpha": 0.1,
    "arrival_rate": 0.2,
    "beta": 0.1,
    "num_processes": 16,
    "scheduler": "fcfs",
    "seed": 123,
    "service_rate": 1.0,
    "ticks": 1000000,
    "workload": "uniform"
  },
  "fairness": {
    "jain_index": 0.09198495136608738,
    "max_starvation": 1000000.0,
    "starvation_events": 14
  },
  "latency": {
    "avg_turnaround": 75088.22423322423,
    "avg_waiting_time": 75087.22423322423,
    "max_waiting_time": 749334.0,
    "p50_waiting_time": 0.0,
    "p95_waiting_time": 561800.0,
    "p99_waiting_time": 711900.0
  },
  "online": {
    "completed_jobs": 999999,
    "lyapunov_drift": 18002255.0,
    "lyapunov_v": 9318642214807.0,
    "throughput": 1.0,
    "utilization": 0.999999
  },
  "queue": {
    "max": 800482.0,
    "mean": 368764.866915625,
    "median": 9999.0,
    "min": 0.0,
    "std_dev": 241214.37215814163,
    "variance": 58184373335.646454
  },
  "scheduler_diag": {
    "avg_entropy": 2.6369431904802476,
    "avg_score_variance": null,
    "context_switch_rate": 0.4009014009014009,
    "total_throughput": 0.999999
  },
  "stability": {
    "oscillation_frequency": 0.0,
    "time_to_steady_state": -1.0
  }
}