{
  "config": {
    "M": 10.0,
    "alpha": 0.1,
    "arrival_rate": 0.5,
    "beta": 0.1,
    "num_processes": 16,
    "scheduler": "fcfs",
    "seed": 999,
    "service_rate": 1.0,
    "ticks": 1000000,
    "workload": "poisson"
  },
  "fairness": {
    "jain_index": 0.12500785219430302,
    "max_starvation": 1000000.0,
    "starvation_events": 18
  },
  "latency": {
    "avg_turnaround": 1398.2806862806863,
    "avg_waiting_time": 1397.2806862806863,
    "max_waiting_time": 24261.0,
    "p50_waiting_time": 0.0,
    "p95_waiting_time": 3900.0,
    "p99_waiting_time": 4300.0
  },
  "online": {
    "completed_jobs": 999999,
    "lyapunov_drift": 4997777.0,
    "lyapunov_v": 3499640524934.0,
    "throughput": 1.0,
    "utilization": 0.999999
  },
  "queue": {
    "max": 501459.0,
    "mean": 218819.530625625,
    "median": 9999.0,
    "min": 0.0,
    "std_dev": 158152.09890949936,
    "variance": 25012086389.480064
  },
  "scheduler_diag": {
    "avg_entropy": 2.4839901839264478,
    "avg_score_variance": null,
    "context_switch_rate": 0.39318039318039316,
    "total_throughput": 0.999999
  },
  "stability": {
    "oscillation_frequency": 0.074,
    "time_to_steady_state": -1.0
  }
}