{
  "config": {
    "M": 10.0,
    "alpha": 0.1,
    "arrival_rate": 0.5,
    "beta": 0.1,
    "num_processes": 16,
    "scheduler": "fcfs",
    "seed": 456,
    "service_rate": 1.0,
    "ticks": 1000000,
    "workload": "bursty"
  },
  "fairness": {
    "jain_index": 0.3752100312045553,
    "max_starvation": 1000000.0,
    "starvation_events": 3327
  },
  "latency": {
    "avg_turnaround": 6345.111958111958,
    "avg_waiting_time": 6344.111958111958,
    "max_waiting_time": 70893.0,
    "p50_waiting_time": 0.0,
    "p95_waiting_time": 51500.0,
    "p99_waiting_time": 68700.0
  },
  "online": {
    "completed_jobs": 999999,
    "lyapunov_drift": -23215.0,
    "lyapunov_v": 281639931868.0,
    "throughput": 1.0,
    "utilization": 0.999999
  },
  "queue": {
    "max": 168743.0,
    "mean": 52886.017259375,
    "median": 9999.0,
    "min": 0.0,
    "std_dev": 55480.34081624647,
    "variance": 3078068217.086864
  },
  "scheduler_diag": {
    "avg_entropy": 1.996789334148747,
    "avg_score_variance": null,
    "context_switch_rate": 0.364036364036364,
    "total_throughput": 0.999999
  },
  "stability": {
    "oscillation_frequency": 25.941,
    "time_to_steady_state": -1.0
  }
}