{
  "config": {
    "M": 10.0,
    "alpha": 0.1,
    "arrival_rate": 0.5,
    "beta": 0.1,
    "num_processes": 16,
    "scheduler": "fcfs",
    "seed": 789,
    "service_rate": 1.0,
    "ticks": 1000000,
    "workload": "poisson"
  },
  "fairness": {
    "jain_index": 0.1252801060421128,
    "max_starvation": 1000000.0,
    "starvation_events": 115
  },
  "latency": {
    "avg_turnaround": 1276.8454088454089,
    "avg_waiting_time": 1275.8454088454089,
    "max_waiting_time": 146850.0,
    "p50_waiting_time": 0.0,
    "p95_waiting_time": 4000.0,
    "p99_waiting_time": 4300.0
  },
  "online": {
    "completed_jobs": 999999,
    "lyapunov_drift": 11001058.0,
    "lyapunov_v": 3494816852867.0,
    "throughput": 1.0,
    "utilization": 0.999999
  },
  "queue": {
    "max": 500848.0,
    "mean": 218695.3187075,
    "median": 9999.0,
    "min": 0.0,
    "std_dev": 158169.3601790915,
    "variance": 25017546499.46318
  },
  "scheduler_diag": {
    "avg_entropy": 2.374636143822766,
    "avg_score_variance": null,
    "context_switch_rate": 0.39412239412239414,
    "total_throughput": 0.999999
  },
  "stability": {
    "oscillation_frequency": 0.056,
    "time_to_steady_state": -1.0
  }
}