{
  "config": {
    "M": 10.0,
    "alpha": 0.1,
    "arrival_rate": 0.3,
    "beta": 0.1,
    "num_processes": 16,
    "scheduler": "rr",
    "seed": 789,
    "service_rate": 1.0,
    "ticks": 1000000,
    "workload": "poisson"
  },
  "fairness": {
    "jain_index": 0.9999999999529998,
    "max_starvation": 24.0,
    "starvation_events": 0
  },
  "latency": {
    "avg_turnaround": 395545.4945024945,
    "avg_waiting_time": 395544.4945024945,
    "max_waiting_time": 792449.0,
    "p50_waiting_time": 395400.0,
    "p95_waiting_time": 751500.0,
    "p99_waiting_time": 783100.0
  },
  "online": {
    "completed_jobs": 999999,
    "lyapunov_drift": 1903470.0,
    "lyapunov_v": 902314751764.0,
    "throughput": 1.0,
    "utilization": 0.999999
  },
  "queue": {
    "max": 238190.0,
    "mean": 118692.240443125,
    "median": 9999.0,
    "min": 0.0,
    "std_dev": 68604.73756832824,
    "variance": 4706610016.819189
  },
  "scheduler_diag": {
    "avg_entropy": 2.7211801935497983,
    "avg_score_variance": 0.0625,
    "context_switch_rate": 0.999998999999,
    "total_throughput": 0.999999
  },
  "stability": {
    "oscillation_frequency": 4.644,
    "time_to_steady_state": -1.0
  }
}