{
  "config": {
    "M": 10.0,
    "alpha": 0.1,
    "arrival_rate": 0.1,
    "beta": 0.1,
    "num_processes": 16,
    "scheduler": "embi_unclipped",
    "seed": 456,
    "service_rate": 1.0,
    "ticks": 1000000,
    "workload": "poisson"
  },
  "fairness": {
    "jain_index": 0.9999849545492777,
    "max_starvation": 353.0,
    "starvation_events": 9287
  },
  "latency": {
    "avg_turnaround": 186997.32317032316,
    "avg_waiting_time": 186996.32317032316,
    "max_waiting_time": 376092.0,
    "p50_waiting_time": 186700.0,
    "p95_waiting_time": 355200.0,
    "p99_waiting_time": 370200.0
  },
  "online": {
    "completed_jobs": 999999,
    "lyapunov_drift": 224503.0,
    "lyapunov_v": 22400659900.0,
    "throughput": 1.0,
    "utilization": 0.999999
  },
  "queue": {
    "max": 37418.0,
    "mean": 18681.361691875,
    "median": 9999.0,
    "min": 0.0,
    "std_dev": 10798.290767198856,
    "variance": 116603083.49297208
  },
  "scheduler_diag": {
    "avg_entropy": 2.0048876992656117,
    "avg_score_variance": 2.152498692068806,
    "context_switch_rate": 0.8853738853738854,
    "total_throughput": 0.999999
  },
  "stability": {
    "oscillation_frequency": 38.989999999999995,
    "time_to_steady_state": -1.0
  }
}