{
  "config": {
    "M": 10.0,
    "alpha": 0.1,
    "arrival_rate": 0.7,
    "beta": 0.1,
    "num_processes": 16,
    "scheduler": "maxweight",
    "seed": 123,
    "service_rate": 1.0,
    "ticks": 1000000,
    "workload": "poisson"
  },
  "fairness": {
    "jain_index": 0.9997472742458735,
    "max_starvation": 2819.0,
    "starvation_events": 32861
  },
  "latency": {
    "avg_turnaround": 455336.660999661,
    "avg_waiting_time": 455335.660999661,
    "max_waiting_time": 913979.0,
    "p50_waiting_time": 455200.0,
    "p95_waiting_time": 865100.0,
    "p99_waiting_time": 901700.0
  },
  "online": {
    "completed_jobs": 999999,
    "lyapunov_drift": 14021633.0,
    "lyapunov_v": 6499417415542.0,
    "throughput": 1.0,
    "utilization": 0.999999
  },
  "queue": {
    "max": 637349.0,
    "mean": 318785.837508125,
    "median": 9999.0,
    "min": 0.0,
    "std_dev": 183968.9468966364,
    "variance": 33844573422.257416
  },
  "scheduler_diag": {
    "avg_entropy": 1.5045976095197928,
    "avg_score_variance": 28.686587715753486,
    "context_switch_rate": 0.6899396899396899,
    "total_throughput": 0.999999
  },
  "stability": {
    "oscillation_frequency": 0.02,
    "time_to_steady_state": -1.0
  }
}