{
  "config": {
    "M": 10.0,
    "alpha": 0.1,
    "arrival_rate": 0.1,
    "beta": 0.1,
    "num_processes": 16,
    "scheduler": "rr",
    "seed": 456,
    "service_rate": 1.0,
    "ticks": 1000000,
    "workload": "poisson"
  },
  "fairness": {
    "jain_index": 0.9999999997609996,
    "max_starvation": 40.0,
    "starvation_events": 0
  },
  "latency": {
    "avg_turnaround": 186997.09665809665,
    "avg_waiting_time": 186996.09665809665,
    "max_waiting_time": 376850.0,
    "p50_waiting_time": 186800.0,
    "p95_waiting_time": 355200.0,
    "p99_waiting_time": 370200.0
  },
  "online": {
    "completed_jobs": 999999,
    "lyapunov_drift": 225355.0,
    "lyapunov_v": 22401601950.0,
    "throughput": 1.0,
    "utilization": 0.999999
  },
  "queue": {
    "max": 37935.0,
    "mean": 18681.361691875,
    "median": 9999.0,
    "min": 0.0,
    "std_dev": 10799.692913909037,
    "variance": 116633367.03473705
  },
  "scheduler_diag": {
    "avg_entropy": 2.7211801935497983,
    "avg_score_variance": 0.0625,
    "context_switch_rate": 0.999998999999,
    "total_throughput": 0.999999
  },
  "stability": {
    "oscillation_frequency": 46.775999999999996,
    "time_to_steady_state": -1.0
  }
}